name,company,year_num,car_age,price,kms_driven_num,fuel_type,price_segment,kms_segment,has_price
Hyundai Santro Xing XO eRLX Euro III,Hyundai,2007,19,80000,45000,Petrol,0-100k,25k-50k,True
Mahindra Jeep CL550 MDI,Mahindra,2006,20,425000,40,Diesel,300k-500k,0-25k,True
Maruti Suzuki Alto 800 Vxi,Maruti,2018,8,,22000,Petrol,No price,0-25k,False
Hyundai Grand i10 Magna 1.2 Kappa VTVT,Hyundai,2014,12,325000,28000,Petrol,300k-500k,25k-50k,True
Ford EcoSport Titanium 1.5L TDCi,Ford,2014,12,575000,36000,Diesel,500k-800k,25k-50k,True
Ford EcoSport Titanium 1.5L TDCi,Ford,2015,11,,59000,Diesel,No price,50k-100k,False
Ford Figo,Ford,2012,14,175000,41000,Diesel,100k-300k,25k-50k,True
Hyundai Eon,Hyundai,2013,13,190000,25000,Petrol,100k-300k,25k-50k,True
Ford EcoSport Ambiente 1.5L TDCi,Ford,2016,10,830000,24530,Diesel,800k+,0-25k,True
Maruti Suzuki Alto K10 VXi AMT,Maruti,2015,11,250000,60000,Petrol,100k-300k,50k-100k,True
Skoda Fabia Classic 1.2 MPI,Skoda,2010,16,182000,60000,Petrol,100k-300k,50k-100k,True
Maruti Suzuki Stingray VXi,Maruti,2015,11,315000,30000,Petrol,300k-500k,25k-50k,True
Hyundai Elite i20 Magna 1.2,Hyundai,2014,12,415000,32000,Petrol,300k-500k,25k-50k,True
Mahindra Scorpio SLE BS IV,Mahindra,2015,11,320000,48660,Diesel,300k-500k,25k-50k,True
Hyundai Santro Xing XO eRLX Euro III,Hyundai,2007,19,80000,45000,Petrol,0-100k,25k-50k,True
Mahindra Jeep CL550 MDI,Mahindra,2006,20,425000,40,Diesel,300k-500k,0-25k,True
Audi A8,Audi,2017,9,1000000,4000,Petrol,800k+,0-25k,True
Audi Q7,Audi,2014,12,500000,16934,Diesel,500k-800k,0-25k,True
Mahindra Scorpio S10,Mahindra,2016,10,350000,43000,Diesel,300k-500k,25k-50k,True
Maruti Suzuki Alto 800,Maruti,2014,12,160000,35550,Petrol,100k-300k,25k-50k,True
Mahindra Scorpio S10,Mahindra,2016,10,350000,43000,Diesel,300k-500k,25k-50k,True
Mahindra Scorpio S10,Mahindra,2016,10,310000,39522,Diesel,300k-500k,25k-50k,True
Maruti Suzuki Alto 800 Vxi,Maruti,2015,11,75000,39000,Petrol,0-100k,25k-50k,True
Hyundai i20 Sportz 1.2,Hyundai,2012,14,100000,55000,Petrol,100k-300k,50k-100k,True
Hyundai i20 Sportz 1.2,Hyundai,2012,14,100000,55000,Petrol,100k-300k,50k-100k,True
Hyundai i20 Sportz 1.2,Hyundai,2012,14,100000,55000,Petrol,100k-300k,50k-100k,True
Maruti Suzuki Alto 800 Lx,Maruti,2017,9,190000,72000,Petrol,100k-300k,50k-100k,True
Maruti Suzuki Vitara Brezza ZDi,Maruti,2016,10,290000,15975,Diesel,100k-300k,0-25k,True
Maruti Suzuki Alto LX,Maruti,2008,18,95000,70000,Petrol,0-100k,50k-100k,True
Mahindra Bolero DI,Mahindra,2017,9,180000,23452,Diesel,100k-300k,0-25k,True
Maruti Suzuki Swift Dzire ZDi,Maruti,2014,12,385000,35522,Diesel,300k-500k,25k-50k,True
Mahindra Scorpio S10 4WD,Mahindra,2015,11,250000,48508,Diesel,100k-300k,25k-50k,True
Maruti Suzuki Swift Vdi BSIII,Maruti,2017,9,180000,15487,Petrol,100k-300k,0-25k,True
Maruti Suzuki Wagon R VXi BS III,Maruti,2013,13,105000,39000,Petrol,100k-300k,25k-50k,True
Maruti Suzuki Wagon R VXi Minor,Maruti,2013,13,105000,39000,Petrol,100k-300k,25k-50k,True
Toyota Innova 2.0 G 8 STR BS IV,Toyota,2012,14,650000,82000,Diesel,500k-800k,50k-100k,True
Renault Lodgy 85 PS RXL,Renault,2018,8,689999,20000,Diesel,500k-800k,0-25k,True
Skoda Yeti Ambition 2.0 TDI CR 4x2,Skoda,2012,14,448000,68000,Diesel,300k-500k,50k-100k,True
Maruti Suzuki Baleno Delta 1.2,Maruti,2017,9,549000,32000,Diesel,500k-800k,25k-50k,True
Renault Duster 110 PS RxZ Diesel Plus,Renault,2012,14,501000,38000,Diesel,500k-800k,25k-50k,True
Renault Duster 85 PS RxE Diesel,Renault,2013,13,489999,27000,Diesel,300k-500k,25k-50k,True
Honda City 1.5 S MT,Honda,2011,15,280000,33000,Petrol,100k-300k,25k-50k,True
Maruti Suzuki Alto K10 VXi AMT,Maruti,2015,11,250000,60000,Petrol,100k-300k,50k-100k,True
Maruti Suzuki Dzire,Maruti,2013,13,349999,46000,Diesel,300k-500k,25k-50k,True
Honda Amaze,Honda,2013,13,284999,46000,Diesel,100k-300k,25k-50k,True
Honda Amaze 1.5 SX i DTEC,Honda,2015,11,345000,36000,Diesel,300k-500k,25k-50k,True
Honda City,Honda,2015,11,499999,55000,Petrol,300k-500k,50k-100k,True
Datsun Redi GO S,Datsun,2017,9,235000,16000,Petrol,100k-300k,0-25k,True
Maruti Suzuki SX4 ZXI MT,Maruti,2010,16,249999,36000,Petrol,100k-300k,25k-50k,True
Mitsubishi Pajero Sport Limited Edition,Mitsubishi,2015,11,1475000,47000,Diesel,800k+,25k-50k,True
Mahindra Bolero DI,Mahindra,2017,9,180000,23452,Diesel,100k-300k,0-25k,True
Maruti Suzuki Swift Dzire ZDi,Maruti,2014,12,385000,35522,Diesel,300k-500k,25k-50k,True
Mahindra Scorpio S10 4WD,Mahindra,2015,11,250000,48508,Diesel,100k-300k,25k-50k,True
Maruti Suzuki Swift Vdi BSIII,Maruti,2017,9,180000,15487,Petrol,100k-300k,0-25k,True
Maruti Suzuki Wagon R VXi BS III,Maruti,2013,13,105000,39000,Petrol,100k-300k,25k-50k,True
Maruti Suzuki Wagon R VXi Minor,Maruti,2013,13,105000,39000,Petrol,100k-300k,25k-50k,True
Mahindra Scorpio S10,Mahindra,2015,11,395000,35000,Diesel,300k-500k,25k-50k,True
Maruti Suzuki Swift VXi 1.2 ABS BS IV,Maruti,2017,9,220000,30874,Petrol,100k-300k,25k-50k,True
Honda City ZX CVT,Honda,2017,9,170000,15000,Diesel,100k-300k,0-25k,True
Maruti Suzuki Wagon R LX BS IV,Maruti,2013,13,85000,29685,Petrol,0-100k,25k-50k,True
Ford Figo,Ford,2012,14,175000,41000,Diesel,100k-300k,25k-50k,True
Hyundai Eon,Hyundai,2013,13,190000,25000,Petrol,100k-300k,25k-50k,True
Tata Indigo eCS LS CR4 BS IV,Tata,2017,9,200000,130000,Diesel,100k-300k,100k+,True
Ford EcoSport Ambiente 1.5L TDCi,Ford,2016,10,830000,24530,Diesel,800k+,0-25k,True
Tata Indigo eCS LS CR4 BS IV,Tata,2017,9,200000,130000,Diesel,100k-300k,100k+,True
Mahindra Scorpio SLE BS IV,Mahindra,2012,14,570000,19000,Diesel,500k-800k,0-25k,True
Volkswagen Polo Highline Exquisite P,Volkswagen,2014,12,315000,60000,Petrol,300k-500k,50k-100k,True
Skoda Fabia Classic 1.2 MPI,Skoda,2010,16,182000,60000,Petrol,100k-300k,50k-100k,True
Maruti Suzuki Stingray VXi,Maruti,2015,11,315000,30000,Petrol,300k-500k,25k-50k,True
Chevrolet Spark LS 1.0,Chevrolet,2010,16,110000,41000,Petrol,100k-300k,25k-50k,True
Renault Duster 110PS Diesel RxZ,Renault,2012,14,501000,35000,Diesel,500k-800k,25k-50k,True
Honda City,Honda,2015,11,448999,54000,Petrol,300k-500k,50k-100k,True
Mini Cooper S 1.6,Mini,2013,13,1891111,13000,Petrol,800k+,0-25k,True
Datsun Redi GO S,Datsun,2017,9,235000,16000,Petrol,100k-300k,0-25k,True
Skoda Fabia 1.2L Diesel Ambiente,Skoda,2011,15,159500,38200,Diesel,100k-300k,25k-50k,True
Honda Amaze,Honda,2015,11,344999,22000,Petrol,300k-500k,0-25k,True
Honda Amaze,Honda,2015,11,344999,22000,Petrol,300k-500k,0-25k,True
Renault Duster,Renault,2014,12,449999,50000,Diesel,300k-500k,50k-100k,True
Mini Cooper S 1.6,Mini,2013,13,1891111,13500,Petrol,800k+,0-25k,True
Mahindra Scorpio S4,Mahindra,2015,11,865000,30000,Diesel,800k+,25k-50k,True
Mahindra Scorpio VLX 2WD BS IV,Mahindra,2014,12,699000,50000,Diesel,500k-800k,50k-100k,True
Mahindra Quanto C8,Mahindra,2013,13,375000,20000,Diesel,300k-500k,0-25k,True
Ford EcoSport,Ford,2017,9,489999,39000,Petrol,300k-500k,25k-50k,True
Honda Brio,Honda,2012,14,224999,30000,Petrol,100k-300k,25k-50k,True
Volkswagen Vento Highline Plus 1.5 Diesel AT,Volkswagen,2019,7,1200000,3600,Diesel,800k+,0-25k,True
Hyundai i20 Magna,Hyundai,2009,17,195000,32000,Petrol,100k-300k,25k-50k,True
Toyota Corolla Altis Diesel D4DG,Toyota,2010,16,351000,38000,Diesel,300k-500k,25k-50k,True
Hyundai Verna Transform SX VTVT,Hyundai,2008,18,160000,45000,Petrol,100k-300k,25k-50k,True
Toyota Corolla Altis Petrol Ltd,Toyota,2009,17,240000,35000,Petrol,100k-300k,25k-50k,True
Honda City 1.5 EXi New,Honda,2005,21,90000,50000,Petrol,0-100k,50k-100k,True
Hyundai Elite i20 Magna 1.2,Hyundai,2014,12,415000,32000,Petrol,300k-500k,25k-50k,True
Skoda Fabia 1.2L Diesel Elegance,Skoda,2011,15,155000,45863,Diesel,100k-300k,25k-50k,True
BMW 3 Series 320i,BMW,2011,15,600000,60500,Petrol,500k-800k,50k-100k,True
Maruti Suzuki A Star Lxi,Maruti,2011,15,189500,12500,Petrol,100k-300k,0-25k,True
Toyota Etios GD,Toyota,2013,13,350000,60000,Diesel,300k-500k,50k-100k,True
Ford Figo Diesel EXI Option,Ford,2012,14,210000,35000,Diesel,100k-300k,25k-50k,True
Maruti Suzuki Swift Dzire VXi 1.2 BS IV,Maruti,2014,12,390000,35000,Petrol,300k-500k,25k-50k,True
Chevrolet Beat LT Diesel,Chevrolet,2012,14,135000,45000,Diesel,100k-300k,25k-50k,True
BMW 7 Series 740Li Sedan,BMW,2009,17,1600000,35000,Petrol,800k+,25k-50k,True
Mahindra XUV500 W8 AWD 2013,Mahindra,2013,13,701000,38000,Diesel,500k-800k,25k-50k,True
Hyundai i10 Magna 1.2,Hyundai,2014,12,265000,18000,Petrol,100k-300k,0-25k,True
Hyundai Verna Fluidic New,Hyundai,2015,11,525000,35000,Diesel,500k-800k,25k-50k,True
Maruti Suzuki Swift VXi 1.2 BS IV,Maruti,2013,13,372000,13349,Petrol,300k-500k,0-25k,True
Maruti Suzuki Ertiga ZXI Plus,Maruti,2016,10,635000,29000,Petrol,500k-800k,25k-50k,True
Ford EcoSport Titanium 1.5L TDCi,Ford,2014,12,550000,44000,Diesel,500k-800k,25k-50k,True
Maruti Suzuki Ertiga Vxi,Maruti,2016,10,575000,29000,Petrol,500k-800k,25k-50k,True
Maruti Suzuki Ertiga VDi,Maruti,2013,13,485000,42000,Diesel,300k-500k,25k-50k,True
Maruti Suzuki Alto LXi BS III,Maruti,2012,14,155000,14000,Petrol,100k-300k,0-25k,True
Hyundai Grand i10 Asta 1.1 CRDi,Hyundai,2014,12,345000,49000,Diesel,300k-500k,25k-50k,True
Honda Amaze 1.2 S i VTEC,Honda,2014,12,325000,42000,Petrol,300k-500k,25k-50k,True
Hyundai i20 Asta 1.4 CRDI 6 Speed,Hyundai,2012,14,329500,36200,Diesel,300k-500k,25k-50k,True
Ford Figo Diesel EXI,Ford,2014,12,195000,50000,Diesel,100k-300k,50k-100k,True
Maruti Suzuki Eeco 5 STR WITH AC HTR,Maruti,2015,11,251111,55000,Petrol,100k-300k,50k-100k,True
Maruti Suzuki Ertiga ZXi,Maruti,2014,12,569999,45000,Petrol,500k-800k,25k-50k,True
Maruti Suzuki Esteem LXi BS III,Maruti,2007,19,69999,51000,Petrol,0-100k,50k-100k,True
Maruti Suzuki Ritz VXI,Maruti,2014,12,299999,19000,Petrol,100k-300k,0-25k,True
Maruti Suzuki Dzire,Maruti,2009,17,220000,46000,Petrol,100k-300k,25k-50k,True
Maruti Suzuki Ritz LDi,Maruti,2013,13,399999,33000,Diesel,300k-500k,25k-50k,True
Maruti Suzuki Swift VXi 1.2 BS IV,Maruti,2013,13,372000,13349,Petrol,300k-500k,0-25k,True
Maruti Suzuki Dzire VDI,Maruti,2015,11,450000,104000,Diesel,300k-500k,100k+,True
Toyota Etios Liva G,Toyota,2014,12,270000,55000,Petrol,100k-300k,50k-100k,True
Hyundai i20 Sportz 1.4 CRDI,Hyundai,2011,15,350000,33333,Diesel,300k-500k,25k-50k,True
Chevrolet Spark,Chevrolet,2012,14,158400,33600,Petrol,100k-300k,25k-50k,True
Maruti Suzuki Alto K10 VXi AMT,Maruti,2017,9,350000,5600,Petrol,300k-500k,0-25k,True
Nissan Micra XV,Nissan,2011,15,179000,41000,Petrol,100k-300k,25k-50k,True
Maruti Suzuki Swift,Maruti,2007,19,125000,70000,Petrol,100k-300k,50k-100k,True
Maruti Suzuki Alto 800,Maruti,2018,8,200000,7500,Petrol,100k-300k,0-25k,True
Honda Amaze 1.5 S i DTEC,Honda,2013,13,299000,45000,Diesel,100k-300k,25k-50k,True
Maruti Suzuki Alto 800 Vxi,Maruti,2015,11,220000,38000,Petrol,100k-300k,25k-50k,True
Chevrolet Beat,Chevrolet,2015,11,150000,30000,Petrol,100k-300k,25k-50k,True
Toyota Corolla,Toyota,2009,17,275000,26000,Unknown,100k-300k,25k-50k,True
Honda City 1.5 V MT,Honda,2010,16,285000,35000,Petrol,100k-300k,25k-50k,True
Ford EcoSport Trend 1.5L TDCi,Ford,2016,10,830000,24330,Diesel,800k+,0-25k,True
Hyundai i20 Asta 1.2,Hyundai,2009,17,210000,65480,Petrol,100k-300k,50k-100k,True
Maruti Suzuki Swift Dzire VXi 1.2 BS IV,Maruti,2013,13,340000,41000,Petrol,300k-500k,25k-50k,True
Tata Indica V2 eLS,Tata,2006,20,90000,20000,Petrol,0-100k,0-25k,True
Maruti Suzuki Alto 800 Lxi,Maruti,2018,8,,28028,Petrol,No price,25k-50k,False
Hindustan Motors Ambassador,Hindustan,2000,26,70000,200000,Diesel,0-100k,100k+,True
Toyota Corolla Altis 1.8 GL,Toyota,2010,16,289999,70000,Petrol,100k-300k,50k-100k,True
Toyota Corolla Altis 1.8 J,Toyota,2012,14,349999,59000,Petrol,300k-500k,50k-100k,True
Toyota Innova 2.5 GX BS IV 7 STR,Toyota,2012,14,849999,99000,Diesel,800k+,50k-100k,True
Volkswagen Jetta Highline TDI AT,Volkswagen,2014,12,749999,46000,Diesel,500k-800k,25k-50k,True
Volkswagen Polo Comfortline 1.2L P,Volkswagen,2015,11,399999,2800,Petrol,300k-500k,0-25k,True
Volkswagen Polo,Volkswagen,2014,12,274999,32000,Petrol,100k-300k,25k-50k,True
Mahindra Scorpio,Mahindra,2015,11,984999,22000,Diesel,800k+,0-25k,True
Renault Duster,Renault,2014,12,449999,50000,Diesel,300k-500k,50k-100k,True
Honda Amaze,Honda,2015,11,344999,22000,Petrol,300k-500k,0-25k,True
Nissan Sunny,Nissan,2012,14,224999,45000,Petrol,100k-300k,25k-50k,True
Hyundai Elite i20,Hyundai,2018,8,599999,21000,Petrol,500k-800k,0-25k,True
Renault Kwid,Renault,2016,10,244999,11000,Petrol,100k-300k,0-25k,True
Renault Duster,Renault,2013,13,399999,41000,Diesel,300k-500k,25k-50k,True
Ford EcoSport,Ford,2017,9,489999,39000,Petrol,300k-500k,25k-50k,True
Renault Duster,Renault,2014,12,474999,50000,Diesel,300k-500k,50k-100k,True
Mahindra Scorpio VLX Airbag,Mahindra,2011,15,499999,66000,Diesel,300k-500k,50k-100k,True
Maruti Suzuki Alto 800 Lxi,Maruti,2018,8,310000,3000,Petrol,300k-500k,0-25k,True
Chevrolet Spark LT 1.0,Chevrolet,2010,16,85000,45000,Petrol,0-100k,25k-50k,True
Datsun Redi GO T O,Datsun,2016,10,245000,7000,Petrol,100k-300k,0-25k,True
Maruti Suzuki Swift RS VDI,Maruti,2010,16,189500,38500,Diesel,100k-300k,25k-50k,True
Fiat Punto Emotion 1.2,Fiat,2012,14,169500,37200,Diesel,100k-300k,25k-50k,True
Maruti Suzuki Swift RS VDI,Maruti,2010,16,159500,43200,Diesel,100k-300k,25k-50k,True
Toyota Etios GD,Toyota,2013,13,275000,24800,Petrol,100k-300k,0-25k,True
Hyundai i20 Sportz 1.4 CRDI,Hyundai,2014,12,370000,60000,Diesel,300k-500k,50k-100k,True
Hyundai i10 Sportz 1.2,Hyundai,2010,16,168000,45872,Petrol,100k-300k,25k-50k,True
Chevrolet Beat LT Opt Diesel,Chevrolet,2011,15,150000,40000,Diesel,100k-300k,25k-50k,True
Chevrolet Beat LS Diesel,Chevrolet,2011,15,145000,45000,Diesel,100k-300k,25k-50k,True
Chevrolet Beat LT Diesel,Chevrolet,2012,14,98500,38000,Diesel,0-100k,25k-50k,True
Mahindra Scorpio VLX 2WD BS IV,Mahindra,2014,12,699000,50000,Diesel,500k-800k,50k-100k,True
Tata Indigo CS,Tata,2011,15,85000,11400,Diesel,0-100k,0-25k,True
Toyota Corolla Altis 1.8 J,Toyota,2015,11,575000,42000,Petrol,500k-800k,25k-50k,True
Honda City 1.5 V MT,Honda,2014,12,549000,39000,Petrol,500k-800k,25k-50k,True
Maruti Suzuki Swift VDi,Maruti,2011,15,209000,47000,Diesel,100k-300k,25k-50k,True
Hyundai Eon Era Plus,Hyundai,2013,13,185000,27000,Petrol,100k-300k,25k-50k,True
Mahindra Scorpio S10,Mahindra,2015,11,900000,97200,Diesel,800k+,50k-100k,True
Mahindra XUV500,Mahindra,2014,12,699999,52000,Diesel,500k-800k,50k-100k,True
Honda Brio,Honda,2012,14,224999,30000,Petrol,100k-300k,25k-50k,True
Ford Fiesta,Ford,2011,15,274999,55000,Diesel,100k-300k,50k-100k,True
Honda Amaze,Honda,2013,13,284999,46000,Diesel,100k-300k,25k-50k,True
Honda City,Honda,2015,11,599999,30000,Diesel,500k-800k,25k-50k,True
Maruti Suzuki Wagon R,Maruti,2012,14,199999,44000,Petrol,100k-300k,25k-50k,True
Honda City,Honda,2014,12,544999,45000,Diesel,500k-800k,25k-50k,True
Hyundai i20,Hyundai,2009,17,199000,31000,Petrol,100k-300k,25k-50k,True
Tata Indigo eCS LX TDI BS III,Tata,2016,10,320000,175430,Diesel,300k-500k,100k+,True
Hyundai Fluidic Verna 1.6 CRDi SX,Hyundai,2015,11,540000,38000,Diesel,500k-800k,25k-50k,True
Mahindra Quanto C8,Mahindra,2013,13,340000,37000,Diesel,300k-500k,25k-50k,True
Fiat Petra ELX 1.2 PS,Fiat,2008,18,75000,65000,Petrol,0-100k,50k-100k,True
Skoda Fabia 1.2L Diesel Ambiente,Skoda,2011,15,159500,38200,Diesel,100k-300k,25k-50k,True
Mini Cooper S 1.6,Mini,2013,13,1891111,13000,Petrol,800k+,0-25k,True
Hyundai Santro Xing XS,Hyundai,2005,21,49000,7500,Petrol,0-100k,0-25k,True
Maruti Suzuki Ciaz VXi Plus,Maruti,2016,10,700000,3350,Petrol,500k-800k,0-25k,True
Maruti Suzuki Zen VX,Maruti,2000,26,55000,60000,Petrol,0-100k,50k-100k,True
Honda City,Honda,2015,11,448999,54000,Petrol,300k-500k,50k-100k,True
Hyundai Creta 1.6 SX Plus Petrol,Hyundai,2017,9,895000,32000,Petrol,800k+,25k-50k,True
"Tata indigo ecs LX, 201",Tata,,,150000,,Unknown,100k-300k,Unknown,True
Mahindra Scorpio SLX,Mahindra,2007,19,355000,75000,Diesel,300k-500k,50k-100k,True
Mahindra Scorpio SLE BS IV,Mahindra,2012,14,565000,62000,Diesel,500k-800k,50k-100k,True
Toyota Innova 2.5 G BS III 8 STR,Toyota,2006,20,365000,73000,Diesel,300k-500k,50k-100k,True
Maruti Suzuki Alto K10 VXi AMT,Maruti,2011,15,145000,41000,Petrol,100k-300k,25k-50k,True
Maruti Suzuki Wagon R LXI BS IV,Maruti,2011,15,210000,35000,Petrol,100k-300k,25k-50k,True
Tata Nano Cx BSIV,Tata,2013,13,40000,2200,Petrol,0-100k,0-25k,True
Maruti Suzuki Alto Std BS IV,Maruti,2013,13,125000,39000,Petrol,100k-300k,25k-50k,True
Maruti Suzuki Wagon R LXi BS III,Maruti,2009,17,135000,45000,Petrol,100k-300k,25k-50k,True
Maruti Suzuki Swift VXI BSIII,Maruti,2006,20,135000,45000,Petrol,100k-300k,25k-50k,True
Tata Sumo Victa EX 10 by 7 Str BSIII,Tata,2012,14,285000,65000,Diesel,100k-300k,50k-100k,True
Maruti Suzuki Wagon R LXi BS III,Maruti,2010,16,145000,54870,Petrol,100k-300k,50k-100k,True
Maruti Suzuki Alto LXi BS III,Maruti,2010,16,135000,34580,Petrol,100k-300k,25k-50k,True
Volkswagen Passat Diesel Comfortline AT,Volkswagen,2009,17,450000,97000,Diesel,300k-500k,50k-100k,True
Renault Scala RxL Diesel Travelogue,Renault,2015,11,375000,25000,Diesel,300k-500k,25k-50k,True
Mahindra Quanto C8,Mahindra,2013,13,375000,20000,Diesel,300k-500k,0-25k,True
Hyundai Grand i10 Sportz O 1.2 Kappa VTVT,Hyundai,2014,12,365000,20000,Petrol,300k-500k,0-25k,True
Hyundai i20 Active 1.2 SX,Hyundai,2015,11,500000,18000,Petrol,500k-800k,0-25k,True
Mahindra Xylo E4,Mahindra,2012,14,400000,35000,Diesel,300k-500k,25k-50k,True
Mahindra Jeep MM 550 XDB,Mahindra,2019,7,390000,60,Diesel,300k-500k,0-25k,True
Renault Duster 110PS Diesel RxZ,Renault,2012,14,501000,35000,Diesel,500k-800k,25k-50k,True
Mahindra Bolero SLE BS IV,Mahindra,2013,13,330000,80200,Diesel,300k-500k,50k-100k,True
Force Motors Force One LX ABS 7 STR,Force,2015,11,580000,3200,Diesel,500k-800k,0-25k,True
Maruti Suzuki SX4,Maruti,2012,14,265000,46000,Diesel,100k-300k,25k-50k,True
Mahindra Jeep CL550 MDI,Mahindra,2019,7,379000,0,Diesel,300k-500k,0-25k,True
Maruti Suzuki Alto 800,Maruti,2015,11,219000,5000,Petrol,100k-300k,0-25k,True
Mahindra Jeep CL550 MDI,Mahindra,2018,8,385000,588,Diesel,300k-500k,0-25k,True
Toyota Etios,Toyota,2011,15,275000,36000,Diesel,100k-300k,25k-50k,True
Volkswagen Polo,Volkswagen,2015,11,330000,38000,Diesel,300k-500k,25k-50k,True
Honda City ZX VTEC,Honda,2008,18,110000,45000,Petrol,100k-300k,25k-50k,True
Maruti Suzuki Wagon R LX BS III,Maruti,2006,20,80000,71200,Petrol,0-100k,50k-100k,True
Honda City VX O MT Diesel,Honda,2016,10,519000,52000,Diesel,500k-800k,50k-100k,True
Mahindra Thar CRDe 4x4 AC,Mahindra,2016,10,730000,29000,Diesel,500k-800k,25k-50k,True
Mitsubishi Pajero Sport Limited Edition,Mitsubishi,2015,11,1475000,47000,Diesel,800k+,25k-50k,True
Audi A4 1.8 TFSI Multitronic Premium Plus,Audi,2009,17,699000,47000,Petrol,500k-800k,25k-50k,True
Mercedes Benz GLA Class 200 CDI Sport,Mercedes,2015,11,2000000,20000,Diesel,800k+,0-25k,True
Land Rover Freelander 2 SE,Land,2015,11,2100000,30000,Diesel,800k+,25k-50k,True
Renault Kwid RXT,Renault,2017,9,340000,5000,Petrol,300k-500k,0-25k,True
Tata Aria Pleasure 4X2,Tata,2014,12,390000,35000,Diesel,300k-500k,25k-50k,True
Mercedes Benz B Class B180 Sports,Mercedes,2014,12,1400000,31000,Petrol,800k+,25k-50k,True
Datsun GO T O,Datsun,2016,10,245000,7000,Petrol,100k-300k,0-25k,True
Tata Indigo eCS LX TDI BS III,Tata,2016,10,320000,175430,Diesel,300k-500k,100k+,True
Tata Indigo eCS LX TDI BS III,Tata,2016,10,320000,175400,Diesel,300k-500k,100k+,True
Honda Jazz VX MT,Honda,2016,10,450000,41000,Petrol,300k-500k,25k-50k,True
Honda Amaze 1.2 S i VTEC,Honda,2014,12,311000,33000,Petrol,300k-500k,25k-50k,True
Honda Amaze,Honda,2013,13,284999,46000,Diesel,100k-300k,25k-50k,True
Honda City,Honda,2012,14,399999,45000,Petrol,300k-500k,25k-50k,True
Honda City,Honda,2015,11,599999,39000,Diesel,500k-800k,25k-50k,True
Honda Amaze,Honda,2015,11,344999,22000,Petrol,300k-500k,0-25k,True
Audi A4 1.8 TFSI Multitronic Premium Plus,Audi,2009,17,699000,47000,Petrol,500k-800k,25k-50k,True
Force Motors Force One LX ABS 7 STR,Force,2015,11,580000,3200,Diesel,500k-800k,0-25k,True
Mahindra Scorpio S4,Mahindra,2015,11,855000,30000,Diesel,800k+,25k-50k,True
Hyundai i20 Active 1.4L SX O,Hyundai,2015,11,535000,37000,Diesel,500k-800k,25k-50k,True
Mini Cooper S,Mini,2013,13,1891111,13000,Petrol,800k+,0-25k,True
Maruti Suzuki Ciaz ZXI Plus,Maruti,2017,9,699000,14000,Petrol,500k-800k,0-25k,True
Chevrolet Tavera Neo,Chevrolet,2013,13,375000,55000,Diesel,300k-500k,50k-100k,True
Honda Amaze,Honda,2013,13,284999,46000,Diesel,100k-300k,25k-50k,True
Hyundai Eon Sportz,Hyundai,2012,14,178000,30000,Petrol,100k-300k,25k-50k,True
Tata Sumo Gold Select Variant,Tata,2013,13,300000,50000,Diesel,300k-500k,50k-100k,True
Maruti Suzuki Wagon R 1.0,Maruti,2003,23,90000,45000,Petrol,0-100k,25k-50k,True
Maruti Suzuki Esteem VXi BS III,Maruti,2006,20,95000,45000,Petrol,0-100k,25k-50k,True
Maruti Suzuki Eeco 5 STR WITH AC HTR,Maruti,2015,11,255000,9300,Petrol,100k-300k,0-25k,True
Chevrolet Enjoy 1.4 LS 8 STR,Chevrolet,2013,13,245000,55000,Diesel,100k-300k,50k-100k,True
Hyundai i20 Asta 1.4 CRDI 6 Speed,Hyundai,2012,14,329500,36200,Diesel,300k-500k,25k-50k,True
Ford Figo Diesel EXI,Ford,2014,12,195000,50000,Diesel,100k-300k,50k-100k,True
Maruti Suzuki Eeco 5 STR WITH AC HTR,Maruti,2015,11,251111,55000,Petrol,100k-300k,50k-100k,True
Maruti Suzuki Ertiga ZXi,Maruti,2014,12,569999,45000,Petrol,500k-800k,25k-50k,True
Maruti Suzuki Esteem LXi BS III,Maruti,2007,19,69999,51000,Petrol,0-100k,50k-100k,True
Maruti Suzuki Ritz VXI,Maruti,2014,12,299999,19000,Petrol,100k-300k,0-25k,True
Maruti Suzuki Dzire,Maruti,2009,17,220000,46000,Petrol,100k-300k,25k-50k,True
Maruti Suzuki Ritz LDi,Maruti,2013,13,399999,33000,Diesel,300k-500k,25k-50k,True
Maruti Suzuki SX4 ZXI MT,Maruti,2010,16,249999,36000,Petrol,100k-300k,25k-50k,True
Maruti Suzuki Wagon R 1.0 VXi,Maruti,2015,11,289999,22000,Petrol,100k-300k,0-25k,True
Mini Cooper S 1.6,Mini,2013,13,1891111,13500,Petrol,800k+,0-25k,True
Nissan Terrano XL D Plus,Nissan,2015,11,499999,60000,Diesel,300k-500k,50k-100k,True
Renault Duster 85 PS RxE Diesel,Renault,2013,13,489999,27000,Diesel,300k-500k,25k-50k,True
Renault Duster 85 PS RxE Diesel,Renault,2014,12,489999,59000,Diesel,300k-500k,50k-100k,True
Renault Duster 85 PS RxL Diesel,Renault,2015,11,549999,19000,Diesel,500k-800k,0-25k,True
Maruti Suzuki Dzire ZXI,Maruti,2013,13,380000,30000,Petrol,300k-500k,25k-50k,True
Renault Kwid RXT Opt,Renault,2018,8,325000,15000,Petrol,300k-500k,0-25k,True
Maruti Suzuki Maruti 800 Std,Maruti,2003,23,57000,56758,Petrol,0-100k,50k-100k,True
Renault Kwid 1.0 RXT AMT,Renault,2018,8,349999,10000,Petrol,300k-500k,0-25k,True
Renault Lodgy 85 PS RXL,Renault,2018,8,689999,20000,Diesel,500k-800k,0-25k,True
Renault Scala RxL Diesel,Renault,2014,12,349999,49000,Diesel,300k-500k,25k-50k,True
Hyundai Grand i10 Asta 1.2 Kappa VTVT O,Hyundai,2014,12,410000,41000,Petrol,300k-500k,25k-50k,True
Maruti Suzuki Swift Dzire VXi 1.2 BS IV,Maruti,2011,15,225000,45000,Petrol,100k-300k,25k-50k,True
Chevrolet Beat LS Petrol,Chevrolet,2010,16,120000,43000,Petrol,100k-300k,25k-50k,True
Tata Indigo eCS LX TDI BS III,Tata,2016,10,320000,175430,Diesel,300k-500k,100k+,True
Hyundai Santro Xing XO eRLX Euro III,Hyundai,2000,26,59000,56450,Petrol,0-100k,50k-100k,True
Hyundai Fluidic Verna 1.6 CRDi SX,Hyundai,2015,11,540000,38000,Diesel,500k-800k,25k-50k,True
Chevrolet Beat LS Petrol,Chevrolet,2010,16,80000,56000,Petrol,0-100k,50k-100k,True
Mahindra Quanto C8,Mahindra,2013,13,340000,37000,Diesel,300k-500k,25k-50k,True
Fiat Petra ELX 1.2 PS,Fiat,2008,18,75000,65000,Petrol,0-100k,50k-100k,True
Chevrolet Beat LS Petrol,Chevrolet,2015,11,220000,32700,Petrol,100k-300k,25k-50k,True
Skoda Fabia 1.2L Diesel Ambiente,Skoda,2011,15,159500,38200,Diesel,100k-300k,25k-50k,True
Ford EcoSport Titanium 1.5L TDCi,Ford,2016,10,599000,30000,Diesel,500k-800k,25k-50k,True
Hyundai Accent GLX,Hyundai,2006,20,80000,56000,Petrol,0-100k,50k-100k,True
Maruti Suzuki Swift LDi,Maruti,2010,16,,52000,Diesel,No price,50k-100k,False
Mahindra TUV300 T4 Plus,Mahindra,2016,10,675000,9000,Diesel,500k-800k,0-25k,True
Mini Cooper S 1.6,Mini,2013,13,1891111,13000,Petrol,800k+,0-25k,True
Mini Cooper S 1.6,Mini,2013,13,1891111,13000,Petrol,800k+,0-25k,True
Tata Indica V2 Xeta e GLE,Tata,2008,18,150000,11000,Petrol,100k-300k,0-25k,True
Mini Cooper S,Mini,2013,13,1891111,13000,Petrol,800k+,0-25k,True
Tata Indigo CS LS DiCOR,Tata,2009,17,72500,46000,Diesel,0-100k,25k-50k,True
Maruti Suzuki Swift VXi 1.2 ABS BS IV,Maruti,2019,7,610000,73,Petrol,500k-800k,0-25k,True
Mahindra Scorpio VLX Special Edition BS III,Mahindra,2004,22,230000,160000,Diesel,100k-300k,100k+,True
Tata Indica eV2 LS,Tata,2017,9,,84000,Diesel,No price,50k-100k,False
Honda Accord,Honda,2009,17,175000,58559,Petrol,100k-300k,50k-100k,True
Mahindra Scorpio S4,Mahindra,2015,11,855000,30000,Diesel,800k+,25k-50k,True
Chevrolet Tavera Neo,Chevrolet,2013,13,375000,55000,Diesel,300k-500k,50k-100k,True
Ford EcoSport Titanium 1.5 TDCi,Ford,2014,12,520000,57000,Diesel,500k-800k,50k-100k,True
Maruti Suzuki Ertiga,Maruti,2015,11,524999,50000,Diesel,500k-800k,50k-100k,True
Honda Amaze,Honda,2014,12,299999,37000,Petrol,100k-300k,25k-50k,True
Maruti Suzuki Dzire,Maruti,2012,14,299999,40000,Petrol,100k-300k,25k-50k,True
Honda City,Honda,2011,15,284999,55000,Petrol,100k-300k,50k-100k,True
Mahindra Scorpio 2.6 CRDe,Mahindra,2007,19,220000,170000,Diesel,100k-300k,100k+,True
Maruti Suzuki Dzire,Maruti,2014,12,424999,55000,Diesel,300k-500k,50k-100k,True
Honda City,Honda,2015,11,644999,39000,Petrol,500k-800k,25k-50k,True
Honda Mobilio,Honda,2014,12,399999,44000,Petrol,300k-500k,25k-50k,True
Toyota Corolla Altis,Toyota,2009,17,199999,65000,Petrol,100k-300k,50k-100k,True
Honda City,Honda,2014,12,584999,39000,Petrol,500k-800k,25k-50k,True
Skoda Laura,Skoda,2012,14,349999,44000,Diesel,300k-500k,25k-50k,True
Renault Duster,Renault,2015,11,449999,49000,Diesel,300k-500k,25k-50k,True
Maruti Suzuki Ertiga,Maruti,2018,8,799999,9000,Diesel,500k-800k,0-25k,True
Maruti Suzuki Dzire,Maruti,2015,11,444999,45000,Diesel,300k-500k,25k-50k,True
Mahindra XUV500,Mahindra,2014,12,649999,47000,Diesel,500k-800k,25k-50k,True
Hyundai Verna Fluidic,Hyundai,2012,14,444999,40000,Diesel,300k-500k,25k-50k,True
Maruti Suzuki Vitara Brezza,Maruti,2016,10,689999,29000,Diesel,500k-800k,25k-50k,True
Maruti Suzuki Wagon R,Maruti,2016,10,344999,15000,Petrol,300k-500k,0-25k,True
Mahindra Scorpio,Mahindra,2015,11,944999,45000,Diesel,800k+,25k-50k,True
Honda Amaze,Honda,2014,12,274999,35000,Petrol,100k-300k,25k-50k,True
Mahindra XUV500,Mahindra,2013,13,689999,80000,Diesel,500k-800k,50k-100k,True
Mahindra Scorpio,Mahindra,2013,13,574999,68000,Diesel,500k-800k,50k-100k,True
Skoda Laura,Skoda,2013,13,374999,50000,Diesel,300k-500k,50k-100k,True
Volkswagen Polo,Volkswagen,2010,16,199999,60000,Diesel,100k-300k,50k-100k,True
Hyundai Elite i20,Hyundai,2016,10,549999,9000,Petrol,500k-800k,0-25k,True
Tata Manza Aura Quadrajet,Tata,2012,14,130000,72000,Diesel,100k-300k,50k-100k,True
Chevrolet Sail UVA Petrol LT ABS,Chevrolet,2013,13,210000,60000,Petrol,100k-300k,50k-100k,True
Renault Duster 110 PS RxZ Diesel Plus,Renault,2012,14,501000,38000,Diesel,500k-800k,25k-50k,True
Hyundai Verna Fluidic 1.6 VTVT SX,Hyundai,2013,13,401000,45000,Diesel,300k-500k,25k-50k,True
Audi A4 2.0 TDI 177bhp Premium,Audi,2012,14,1350000,40000,Diesel,800k+,25k-50k,True
Hyundai Elantra SX,Hyundai,2013,13,600000,20000,Petrol,500k-800k,0-25k,True
Mahindra Scorpio VLX 4WD Airbag,Mahindra,2013,13,610000,35000,Diesel,500k-800k,25k-50k,True
Mahindra KUV100 K8 D 6 STR,Mahindra,2016,10,400000,20000,Diesel,300k-500k,0-25k,True
Renault Scala RxL Diesel Travelogue,Renault,2015,11,375000,25000,Diesel,300k-500k,25k-50k,True
Mahindra Quanto C8,Mahindra,2013,13,375000,20000,Diesel,300k-500k,0-25k,True
Hyundai Grand i10 Sportz O 1.2 Kappa VTVT,Hyundai,2014,12,365000,20000,Petrol,300k-500k,0-25k,True
Hyundai i20 Active 1.2 SX,Hyundai,2015,11,500000,18000,Petrol,500k-800k,0-25k,True
Mahindra Xylo E4,Mahindra,2012,14,400000,35000,Diesel,300k-500k,25k-50k,True
Hyundai Grand i10,Hyundai,2017,9,524999,6821,Petrol,500k-800k,0-25k,True
Hyundai i20,Hyundai,2014,12,449999,23000,Petrol,300k-500k,0-25k,True
Hyundai Eon,Hyundai,2014,12,174999,14000,Petrol,100k-300k,0-25k,True
Hyundai i10,Hyundai,2012,14,244999,38000,Petrol,100k-300k,25k-50k,True
Hyundai i20 Active,Hyundai,2015,11,574999,35000,Diesel,500k-800k,25k-50k,True
Datsun Redi GO,Datsun,2017,9,244999,22000,Petrol,100k-300k,0-25k,True
Toyota Etios Liva,Toyota,2011,15,239999,41000,Petrol,100k-300k,25k-50k,True
Hyundai Accent,Hyundai,2010,16,99999,45000,Petrol,0-100k,25k-50k,True
Hyundai Verna,Hyundai,2014,12,489999,44000,Diesel,300k-500k,25k-50k,True
Maruti Suzuki Swift,Maruti,2013,13,324999,45000,Diesel,300k-500k,25k-50k,True
Toyota Fortuner,Toyota,2011,15,1074999,52000,Diesel,800k+,50k-100k,True
Hyundai i10 Sportz,Hyundai,2012,14,230000,34000,Petrol,100k-300k,25k-50k,True
Mahindra Bolero Power Plus SLE,Mahindra,2018,8,699000,1800,Diesel,500k-800k,0-25k,True
Mahindra XUV500,Mahindra,2015,11,1000000,15000,Diesel,800k+,0-25k,True
Honda City 1.5 V MT Exclusive,Honda,2010,16,240000,400000,Petrol,100k-300k,100k+,True
Chevrolet Spark LT 1.0 Airbag,Chevrolet,2009,17,110000,44000,Petrol,100k-300k,25k-50k,True
Mahindra Jeep MM 550 XDB,Mahindra,2019,7,390000,60,Diesel,300k-500k,0-25k,True
Renault Duster 110PS Diesel RxZ,Renault,2012,14,501000,35000,Diesel,500k-800k,25k-50k,True
Mahindra XUV500,Mahindra,2016,10,1130000,72000,Diesel,800k+,50k-100k,True
Tata Indigo eCS VX CR4 BS IV,Tata,2014,12,250000,40000,Diesel,100k-300k,25k-50k,True
Tata Zest 90,Tata,,,,,Unknown,No price,Unknown,False
Mahindra Bolero SLE BS IV,Mahindra,2013,13,330000,80200,Diesel,300k-500k,50k-100k,True
Force Motors Force One LX ABS 7 STR,Force,2015,11,580000,3200,Diesel,500k-800k,0-25k,True
Skoda Rapid Elegance 1.6 TDI CR MT,Skoda,2013,13,340000,48000,Diesel,300k-500k,25k-50k,True
Tata Vista Quadrajet VX,Tata,2011,15,120000,90000,Diesel,100k-300k,50k-100k,True
Maruti Suzuki Alto K10 VXi AT,Maruti,2015,11,265000,12000,Petrol,100k-300k,0-25k,True
Maruti Suzuki SX4,Maruti,2012,14,265000,46000,Diesel,100k-300k,25k-50k,True
Maruti Suzuki Zen LXi BS III,Maruti,2003,23,85000,69900,Petrol,0-100k,50k-100k,True
Mahindra Jeep CL550 MDI,Mahindra,2019,7,379000,0,Diesel,300k-500k,0-25k,True
Hyundai i10 Magna 1.2,Hyundai,2011,15,175000,45000,Petrol,100k-300k,25k-50k,True
Maruti Suzuki Alto 800,Maruti,2015,11,219000,5000,Petrol,100k-300k,0-25k,True
Maruti Suzuki Swift Dzire Tour LDi,Maruti,2016,10,350000,166000,Diesel,300k-500k,100k+,True
Honda City ZX EXi,Honda,2008,18,149000,42000,Petrol,100k-300k,25k-50k,True
Mahindra Jeep CL550 MDI,Mahindra,2018,8,385000,588,Diesel,300k-500k,0-25k,True
Mahindra Jeep MM 550 XDB,Mahindra,2006,20,425000,122,Diesel,300k-500k,0-25k,True
Chevrolet Beat Diesel,Chevrolet,2017,9,150000,62000,Diesel,100k-300k,50k-100k,True
Honda City 1.5 S MT,Honda,2010,16,225000,70000,Petrol,100k-300k,50k-100k,True
Maruti Suzuki Swift Dzire car,Maruti,,,300000,,Unknown,300k-500k,Unknown,True
Hyundai Verna 1.4 VTVT,Hyundai,2014,12,375000,36000,Petrol,300k-500k,25k-50k,True
Toyota Innova 2.5 E MS 7 STR BS IV,Toyota,2012,14,770000,0,Diesel,500k-800k,0-25k,True
Maruti Suzuki Alto 800 Lxi,Maruti,2018,8,,24000,Petrol,No price,0-25k,False
Maruti Suzuki Maruti 800 Std – Befo,Maruti,1995,31,30000,55000,Petrol,0-100k,50k-100k,True
Toyota Etios,Toyota,2011,15,275000,36000,Diesel,100k-300k,25k-50k,True
Volkswagen Polo,Volkswagen,2015,11,330000,38000,Diesel,300k-500k,25k-50k,True
Maruti Suzuki Swift,Maruti,2014,12,335000,55000,Diesel,300k-500k,50k-100k,True
Hyundai Elite i20 Asta 1.4 CRDI,Hyundai,2015,11,450000,20000,Diesel,300k-500k,0-25k,True
Maruti Suzuki Swift Dzire VXi 1.2 BS IV,Maruti,2012,14,225000,40000,Petrol,100k-300k,25k-50k,True
Maruti Suzuki Swift Dzire Tour (Gat,Maruti,,,300000,,Unknown,300k-500k,Unknown,True
Maruti Suzuki Versa DX2 8 SEATER BSIII,Maruti,2004,22,80000,50000,Petrol,0-100k,50k-100k,True
Tata Indigo LX TDI BS III,Tata,2016,10,130000,104000,Diesel,100k-300k,100k+,True
Volkswagen Vento Konekt Diesel Highline,Volkswagen,2011,15,245000,65000,Diesel,100k-300k,50k-100k,True
Mercedes Benz C Class 200 CDI Classic,Mercedes,2002,24,399000,41000,Petrol,300k-500k,25k-50k,True
Maruti Suzuki Ertiga VDi,Maruti,2013,13,450000,90000,Diesel,300k-500k,50k-100k,True
Honda City,Honda,2000,26,65000,80000,Petrol,0-100k,50k-100k,True
Hyundai Santro Xing GLS,Hyundai,2006,20,75000,46000,Petrol,0-100k,25k-50k,True
Maruti Suzuki Omni Limited Edition,Maruti,2001,25,70000,70000,Petrol,0-100k,50k-100k,True
Hyundai Sonata Transform 2.4 GDi MT,Hyundai,2017,9,190000,36469,Diesel,100k-300k,25k-50k,True
Hyundai Elite i20 Sportz 1.2,Hyundai,2018,8,600000,7800,Petrol,500k-800k,0-25k,True
Volkswagen Vento Konekt Diesel Highline,Volkswagen,2011,15,245000,65000,Diesel,100k-300k,50k-100k,True
Maruti Suzuki Alto 800 Lxi,Maruti,2017,9,240000,60000,Petrol,100k-300k,50k-100k,True
Maruti Suzuki Alto LXi BS III,Maruti,2011,15,155000,32000,Petrol,100k-300k,25k-50k,True
Honda Jazz S MT,Honda,2009,17,169999,24695,Petrol,100k-300k,0-25k,True
Hyundai Grand i10 Sportz 1.2 Kappa VTVT,Hyundai,2017,9,450000,15141,Petrol,300k-500k,0-25k,True
Maruti Suzuki Zen LXi BSII,Maruti,2001,25,40000,40000,Petrol,0-100k,25k-50k,True
Mahindra Scorpio W Turbo 2.6DX 9 Seater,Mahindra,2012,14,165000,65000,Diesel,100k-300k,50k-100k,True
Maruti Suzuki Alto K10 VXi,Maruti,2014,12,270000,22000,Petrol,100k-300k,0-25k,True
Hyundai Grand i10 Asta 1.2 Kappa VTVT,Hyundai,2016,10,280000,59910,Diesel,100k-300k,50k-100k,True
Mahindra XUV500 W8,Mahindra,2012,14,560000,100000,Diesel,500k-800k,100k+,True
Hyundai Creta 1.6 SX Plus Petrol,Hyundai,2016,10,950000,25000,Petrol,800k+,25k-50k,True
Hyundai i20 Magna O 1.2,Hyundai,2013,13,310000,35000,Petrol,300k-500k,25k-50k,True
Renault Duster 85 PS RxL Explore LE,Renault,2015,11,715000,65000,Diesel,500k-800k,50k-100k,True
Hyundai Grand i10 Sportz 1.2 Kappa VTVT,Hyundai,2014,12,340000,35000,Petrol,300k-500k,25k-50k,True
Honda Brio V MT,Honda,2012,14,235000,33000,Petrol,100k-300k,25k-50k,True
Mahindra TUV300 T4 Plus,Mahindra,2017,9,610000,68000,Diesel,500k-800k,50k-100k,True
Chevrolet Spark LS 1.0,Chevrolet,2010,16,95000,23000,Petrol,0-100k,0-25k,True
Mahindra TUV300 T8,Mahindra,2018,8,1000000,4500,Diesel,800k+,0-25k,True
Maruti Suzuki Swift Dzire Tour LDi,Maruti,2015,11,220000,129000,Diesel,100k-300k,100k+,True
Nissan X Trail Select Variant,Nissan,2019,7,1200000,300,Diesel,800k+,0-25k,True
Maruti Suzuki Alto 800 Vxi,Maruti,2015,11,230000,5000,Petrol,100k-300k,0-25k,True
Ford Ikon 1.3 CLXi NXt Finesse,Ford,2001,25,45000,65000,Petrol,0-100k,50k-100k,True
Toyota Fortuner 3.0 4x4 MT,Toyota,2010,16,940000,131000,Diesel,800k+,100k+,True
Tata Manza ELAN Quadrajet,Tata,2010,16,155555,111111,Petrol,100k-300k,100k+,True
Tata zest x,Tata,,,320000,,Unknown,300k-500k,Unknown,True
Mahindra xyl,Mahindra,,,350000,,Unknown,300k-500k,Unknown,True
Mercedes Benz A Class A 180 Sport Petrol,Mercedes,2013,13,1500000,14000,Petrol,800k+,0-25k,True
Chevrolet Beat LS Diesel,Chevrolet,2016,10,210000,22000,Diesel,100k-300k,0-25k,True
Ford EcoSport Trend 1.5L TDCi,Ford,2013,13,495000,38000,Diesel,300k-500k,25k-50k,True
Tata Indigo LS,Tata,2016,10,125000,70000,Diesel,100k-300k,50k-100k,True
Hyundai i20 Magna 1.2,Hyundai,2010,16,195000,36000,Petrol,100k-300k,25k-50k,True
Volkswagen Vento Highline Plus 1.5 Diesel AT,Volkswagen,2015,11,550000,34000,Diesel,500k-800k,25k-50k,True
Renault Kwid RXT,Renault,2015,11,270000,43000,Petrol,100k-300k,25k-50k,True
Ford EcoSport Titanium 1.5L TDCi,Ford,2014,12,500000,40000,Diesel,500k-800k,25k-50k,True
Honda Amaze 1.5 E i DTEC,Honda,2016,10,240000,160000,Diesel,100k-300k,100k+,True
Hyundai Verna 1.6 EX VTVT,Hyundai,2017,9,800000,12000,Petrol,800k+,0-25k,True
BMW 5 Series 520d Sedan,BMW,2011,15,1299000,49000,Diesel,800k+,25k-50k,True
Skoda Superb 1.8 TFSI AT,Skoda,2011,15,530000,68000,Petrol,500k-800k,50k-100k,True
Audi Q3 2.0 TDI quattro Premium,Audi,2013,13,1499000,37000,Diesel,800k+,25k-50k,True
Mahindra Bolero DI BSII,Mahindra,2012,14,220000,59466,Diesel,100k-300k,50k-100k,True
Maruti Suzuki Zen Estilo LXI Green CNG,Maruti,2011,15,,16000,Petrol,No price,0-25k,False
Mahindra Scorpio S10,Mahindra,2015,11,900000,97200,Diesel,800k+,50k-100k,True
Ford Figo Duratorq Diesel Titanium 1.4,Ford,2012,14,250000,99000,Diesel,100k-300k,50k-100k,True
Maruti Suzuki Wagon R VXI BS IV,Maruti,2018,8,395000,25500,Petrol,300k-500k,25k-50k,True
Mahindra Logan Diesel 1.5 DLS,Mahindra,2009,17,130000,66000,Petrol,100k-300k,50k-100k,True
Tata Nano GenX XMA,Tata,2010,16,32000,44005,Petrol,0-100k,25k-50k,True
Mahindra TUV300 T4 Plus,Mahindra,2016,10,540000,35000,Diesel,500k-800k,25k-50k,True
Mahindra TUV300 T4 Plus,Mahindra,2016,10,540000,35000,Diesel,500k-800k,25k-50k,True
Hyundai Elite i20 Magna 1.2,Hyundai,2015,11,405000,28000,Petrol,300k-500k,25k-50k,True
Hyundai Elite i20 Magna 1.2,Hyundai,2015,11,400000,30000,Petrol,300k-500k,25k-50k,True
Honda City SV,Honda,2017,9,760000,4000,Petrol,500k-800k,0-25k,True
Maruti Suzuki Baleno Delta 1.2,Maruti,2016,10,500000,28000,Petrol,500k-800k,25k-50k,True
Ford Figo Petrol LXI,Ford,2011,15,175000,75000,Petrol,100k-300k,50k-100k,True
Mahindra Scorpio S10,Mahindra,2015,11,900000,97200,Diesel,800k+,50k-100k,True
Honda City,Honda,2017,9,750000,3000,Petrol,500k-800k,0-25k,True
Hyundai Elite i20 Magna 1.2,Hyundai,2015,11,419000,20000,Petrol,300k-500k,0-25k,True
Maruti Suzuki Versa DX2 8 SEATER BSIII,Maruti,2004,22,90000,50000,Petrol,0-100k,50k-100k,True
Hyundai Eon Era Plus,Hyundai,2018,8,140000,2110,Petrol,100k-300k,0-25k,True
Mitsubishi Pajero Sport Limited Edition,Mitsubishi,2015,11,1540000,43222,Petrol,800k+,25k-50k,True
Hyundai i10 Magna 1.2 Kappa2,Hyundai,2008,18,275000,100200,Petrol,100k-300k,100k+,True
Toyota Corolla H2,Toyota,2003,23,150000,100000,Petrol,100k-300k,100k+,True
Maruti Suzuki Swift Dzire Tour VXi,Maruti,2011,15,230000,65,Petrol,100k-300k,0-25k,True
Tata Indigo CS eLS BS IV,Tata,2015,11,123000,100000,Diesel,100k-300k,100k+,True
Mahindra Scorpio S10,Mahindra,2015,11,900000,97200,Diesel,800k+,50k-100k,True
Mahindra Scorpio S10,Mahindra,2015,11,900000,97200,Diesel,800k+,50k-100k,True
Hyundai Xcent Base 1.1 CRDi,Hyundai,2016,10,300000,140000,Diesel,300k-500k,100k+,True
Honda City,Honda,2015,11,499999,55000,Petrol,300k-500k,50k-100k,True
Hyundai Accent Executive Edition,Hyundai,2009,17,165000,48000,Petrol,100k-300k,25k-50k,True
Maruti Suzuki Baleno Delta 1.2,Maruti,2016,10,498000,22000,Petrol,300k-500k,0-25k,True
Tata Zest XE 75 PS Diesel,Tata,2018,8,480000,103553,Diesel,300k-500k,100k+,True
Maruti Suzuki Dzire LDI,Maruti,2017,9,488000,80000,Diesel,300k-500k,50k-100k,True
Tata Sumo Gold LX BS IV,Tata,2014,12,250000,99000,Diesel,100k-300k,50k-100k,True
Toyota Corolla Altis GL Petrol,Toyota,2010,16,220000,58000,Petrol,100k-300k,50k-100k,True
Maruti Suzuki Eeco 7 STR,Maruti,2013,13,290000,70000,LPG,100k-300k,50k-100k,True
Toyota Fortuner 3.0 4x2 MT,Toyota,2015,11,1525000,120000,Diesel,800k+,100k+,True
Mahindra XUV500 W6,Mahindra,2013,13,548900,49800,Diesel,500k-800k,25k-50k,True
Tata Tigor Revotron XZ,Tata,2019,7,650000,100,Diesel,500k-800k,0-25k,True
Maruti Suzuki 800,Maruti,2001,25,55000,81876,Petrol,0-100k,50k-100k,True
Maruti Suzuki Ertiga Vxi,Maruti,2015,11,550000,75000,Petrol,500k-800k,50k-100k,True
Maruti Suzuki Versa DX2 8 SEATER BSIII,Maruti,2004,22,90000,50000,Petrol,0-100k,50k-100k,True
Honda Mobilio S i DTEC,Honda,2014,12,399000,44000,Diesel,300k-500k,25k-50k,True
Maruti Suzuki Ertiga,Maruti,2016,10,730000,55000,Diesel,500k-800k,50k-100k,True
Maruti Suzuki Vitara Brezza,Maruti,2017,9,725000,36000,Diesel,500k-800k,25k-50k,True
Hyundai Verna 1.6 CRDI E,Hyundai,2016,10,195000,56000,Diesel,100k-300k,50k-100k,True
Maruti Suzuki Swift VXI BSIII,Maruti,2007,19,130000,62000,Petrol,100k-300k,50k-100k,True
Toyota Fortuner 3.0 4x2 MT,Toyota,2015,11,1525000,120000,Diesel,800k+,100k+,True
Maruti Suzuki Omni Select Variant,Maruti,2014,12,190000,6020,Petrol,100k-300k,0-25k,True
Honda Amaze,Honda,2013,13,250000,55700,Diesel,100k-300k,50k-100k,True
Tata Indica,Tata,2005,21,80000,42000,Petrol,0-100k,25k-50k,True
Hyundai Santro Xing,Hyundai,2003,23,120000,50000,Petrol,100k-300k,50k-100k,True
Maruti Suzuki Zen Estilo,Maruti,2010,16,149000,35000,Petrol,100k-300k,25k-50k,True
Maruti Suzuki Wagon R LXI BS IV,Maruti,2014,12,250000,18500,Petrol,100k-300k,0-25k,True
Maruti Suzuki Wagon R,Maruti,2007,19,120000,7000,Petrol,100k-300k,0-25k,True
Honda Brio VX AT,Honda,2017,9,450000,11000,Petrol,300k-500k,0-25k,True
Hyundai Xcent Base 1.1 CRDi,Hyundai,2015,11,,180000,Diesel,No price,100k+,False
Maruti Suzuki Zen LXi BSII,Maruti,2003,23,99999,53000,Petrol,0-100k,50k-100k,True
Maruti Suzuki Zen Estilo LXI Green CNG,Maruti,2008,18,135000,23000,Petrol,100k-300k,0-25k,True
Maruti Suzuki Wagon R Select Variant,Maruti,2016,10,225000,35500,Diesel,100k-300k,25k-50k,True
Maruti Suzuki Alto LXi BS III,Maruti,2010,16,99000,22134,Petrol,0-100k,0-25k,True
Renault Kwid RXT,Renault,2019,7,370000,1000,Petrol,300k-500k,0-25k,True
Tata Nano Lx BSIV,Tata,2010,16,52000,9000,Petrol,0-100k,0-25k,True
Jaguar XE XE Portfolio,Jaguar,2016,10,2800000,8500,Petrol,800k+,0-25k,True
Hyundai Xcent S 1.2,Hyundai,2015,11,,35000,Petrol,No price,25k-50k,False
Hyundai Eon Magna Plus,Hyundai,2014,12,190000,35000,Petrol,100k-300k,25k-50k,True
Honda City 1.5 S MT,Honda,2014,12,499000,22000,Petrol,300k-500k,0-25k,True
Hindustan Motors Ambassador,Hindustan,2002,24,90000,25000,Diesel,0-100k,25k-50k,True
Maruti Suzuki Ritz GENUS VXI,Maruti,2010,16,149000,40000,Petrol,100k-300k,25k-50k,True
Hyundai Grand i10 Magna AT 1.2 Kappa VTVT,Hyundai,2017,9,400000,20000,Petrol,300k-500k,0-25k,True
Hyundai Eon D Lite Plus,Hyundai,2016,10,120000,87000,Petrol,100k-300k,50k-100k,True
Maruti Suzuki Swift Dzire VXi 1.2 BS IV,Maruti,2015,11,250000,55000,Petrol,100k-300k,50k-100k,True
Maruti Suzuki Wagon R VXI BS IV,Maruti,2017,9,375000,23000,Petrol,300k-500k,0-25k,True
Honda Amaze 1.2 VX i VTEC,Honda,2014,12,381000,6000,Petrol,300k-500k,0-25k,True
Maruti Suzuki Estilo VXi ABS BS IV,Maruti,2013,13,180000,65000,Petrol,100k-300k,50k-100k,True
Maruti Suzuki Vitara Brezza LDi O,Maruti,2016,10,580000,25000,Diesel,500k-800k,25k-50k,True
Maruti Suzuki Eeco 5 STR WITH AC HTR,Maruti,2015,11,278000,39000,Petrol,100k-300k,25k-50k,True
Toyota Innova 2.0 V,Toyota,2009,17,,15574,Diesel,No price,0-25k,False
Hyundai Creta 1.6 SX Plus Petrol AT,Hyundai,2016,10,1000000,8000,Petrol,800k+,0-25k,True
Mahindra Scorpio Vlx BSIV,Mahindra,2013,13,690000,75000,Diesel,500k-800k,50k-100k,True
Maruti Suzuki Ertiga VDi,Maruti,2012,14,480000,51000,Diesel,300k-500k,50k-100k,True
Mitsubishi Lancer 1.8 LXi,Mitsubishi,2006,20,85000,50000,Petrol,0-100k,50k-100k,True
Maruti Suzuki Maruti 800 AC,Maruti,2001,25,40000,75000,Petrol,0-100k,50k-100k,True
Maruti Suzuki Alto 800 LXI CNG O,Maruti,2015,11,90000,55800,Petrol,0-100k,50k-100k,True
Hyundai Grand i10 Magna 1.2 Kappa VTVT,Hyundai,2015,11,340000,53000,Petrol,300k-500k,50k-100k,True
Hyundai Eon D Lite Plus,Hyundai,2018,8,260000,25000,Petrol,100k-300k,25k-50k,True
Ford Fiesta SXi 1.6 ABS,Ford,2009,17,250000,56400,Petrol,100k-300k,50k-100k,True
Maruti Suzuki Ritz VDi,Maruti,2010,16,180000,72160,Diesel,100k-300k,50k-100k,True
Hyundai Verna Fluidic New,Hyundai,2012,14,350000,10000,Diesel,300k-500k,0-25k,True
Maruti Suzuki Wagon R LXi BS III,Maruti,2006,20,90001,48000,Petrol,0-100k,25k-50k,True
Maruti Suzuki Estilo LX BS IV,Maruti,2007,19,115000,36000,Petrol,100k-300k,25k-50k,True
Audi A6 2.0 TDI Premium,Audi,2012,14,1599000,11500,Diesel,800k+,0-25k,True
Maruti Suzuki Wagon R LXi BS III,Maruti,2003,23,130000,133000,Petrol,100k-300k,100k+,True
Maruti Suzuki Wagon R,Maruti,2009,17,159000,27000,Petrol,100k-300k,25k-50k,True
Maruti Suzuki Wagon R,Maruti,2009,17,160000,35000,Petrol,100k-300k,25k-50k,True
Maruti Suzuki Alto,Maruti,2010,16,110000,55000,Petrol,100k-300k,50k-100k,True
Maruti Suzuki Baleno Sigma 1.2,Maruti,2016,10,425000,40000,Petrol,300k-500k,25k-50k,True
Hyundai Verna 1.6 SX VTVT AT,Hyundai,2019,7,900000,2000,Petrol,800k+,0-25k,True
Maruti Suzuki Swift GLAM,Maruti,2009,17,150000,45000,Petrol,100k-300k,25k-50k,True
Hyundai Getz Prime 1.3 GVS,Hyundai,2009,17,110000,20000,Petrol,100k-300k,0-25k,True
Hyundai Santro,Hyundai,2000,26,51999,88000,Petrol,0-100k,50k-100k,True
Hyundai Getz Prime 1.3 GLX,Hyundai,2009,17,115000,20000,Petrol,100k-300k,0-25k,True
Chevrolet Beat PS Diesel,Chevrolet,2012,14,215000,65422,Diesel,100k-300k,50k-100k,True
Ford EcoSport Trend 1.5 Ti VCT,Ford,2017,9,580000,10000,Petrol,500k-800k,0-25k,True
Maruti Suzuki Dzire ZXI,Maruti,2013,13,380000,35000,Petrol,300k-500k,25k-50k,True
Hyundai Fluidic Verna 1.6 CRDi SX,Hyundai,2013,13,350000,117000,Diesel,300k-500k,100k+,True
Tata Indica V2 DLG,Tata,2005,21,35000,150000,Diesel,0-100k,100k+,True
BMW X1 xDrive20d xLine,BMW,2011,15,1150000,72000,Diesel,800k+,50k-100k,True
Hyundai i20 Asta 1.2,Hyundai,2010,16,300000,10750,Petrol,300k-500k,0-25k,True
Honda City 1.5 V AT,Honda,2009,17,269000,55000,Petrol,100k-300k,50k-100k,True
Tata Nano,Tata,2013,13,60000,6800,Petrol,0-100k,0-25k,True
Chevrolet Cruze LTZ AT,Chevrolet,2014,12,400000,41000,Diesel,300k-500k,25k-50k,True
Hyundai Verna Fluidic New,Hyundai,2015,11,430000,73000,Diesel,300k-500k,50k-100k,True
Hyun,Hyundai,,,,,Unknown,No price,Unknown,False
Maruti Suzuki Swift Dzire VDi,Maruti,2011,15,140000,65000,Diesel,100k-300k,50k-100k,True
Mahindra XUV500 W6,Mahindra,2014,12,8500003,45000,Diesel,800k+,25k-50k,True
Mahindra XUV500 W10,Mahindra,2018,8,1299000,40000,Diesel,800k+,25k-50k,True
Maruti Suzuki Alto K10 LXi CNG,Maruti,2014,12,199000,37000,Petrol,100k-300k,25k-50k,True
Hyundai Accent GLE,Hyundai,2006,20,90000,55000,Petrol,0-100k,50k-100k,True
Force Motors One SUV,Force,2013,13,550000,140000,Diesel,500k-800k,100k+,True
Datsun Go Plus T O,Datsun,2016,10,,5,Petrol,No price,0-25k,False
Maruti Suzuki Alto,Maruti,2019,7,265000,9800,Petrol,100k-300k,0-25k,True
Chevrolet Spark 1.0 LT,Chevrolet,2011,15,100000,27000,Petrol,100k-300k,25k-50k,True
Hyundai i10,Hyundai,2009,17,215000,27000,Petrol,100k-300k,25k-50k,True
Toyota Etios Liva GD,Toyota,2012,14,380000,20000,Diesel,300k-500k,0-25k,True
Renault Duster 85PS Diesel RxL Optional with Nav,Renault,2013,13,401919,57923,Diesel,300k-500k,50k-100k,True
Chevrolet Enjoy,Chevrolet,2014,12,490000,30201,Diesel,300k-500k,25k-50k,True
Maruti Suzuki Alto 800 Lxi,Maruti,2017,9,280000,6200,Petrol,100k-300k,0-25k,True
BMW 5 Series 530i,BMW,2009,17,650000,37518,Petrol,500k-800k,25k-50k,True
Toyota Etios Liva G,Toyota,2014,12,160000,24652,Petrol,100k-300k,0-25k,True
Mahindra Jeep MM 550 XDB,Mahindra,2004,22,424000,383,Diesel,300k-500k,0-25k,True
Chevrolet Beat LS Diesel,Chevrolet,2016,10,225000,95000,Diesel,100k-300k,50k-100k,True
Chevrolet Cruze LTZ,Chevrolet,2011,15,350000,35000,Diesel,300k-500k,25k-50k,True
Jeep Wrangler Unlimited 4x4 Diesel,Jeep,2015,11,950000,3528,Diesel,800k+,0-25k,True
Maruti Suzuki Ertiga VDi,Maruti,2013,13,485000,52500,Diesel,300k-500k,50k-100k,True
Hyundai Verna VGT CRDi SX ABS,Hyundai,2010,16,205000,47900,Diesel,100k-300k,25k-50k,True
Maruti Suzuki Omni,Maruti,2012,14,160000,14000,Petrol,100k-300k,0-25k,True
Maruti Suzuki Celerio VDi,Maruti,2018,8,310000,37000,Petrol,300k-500k,25k-50k,True
Tata Zest Quadrajet 1.3,Tata,2017,9,180000,90000,Diesel,100k-300k,50k-100k,True
Mahindra XUV500 W6,Mahindra,2013,13,549900,52800,Diesel,500k-800k,50k-100k,True
Tata Indigo CS eLX BS IV,Tata,2016,10,150000,104000,Diesel,100k-300k,100k+,True
Hyundai i10 Era,Hyundai,2011,15,175000,30000,Petrol,100k-300k,25k-50k,True
Tata Indigo eCS LX TDI BS III,Tata,2014,12,95000,195000,Diesel,0-100k,100k+,True
Tata Indigo LX TDI BS III,Tata,2016,10,230000,104000,Diesel,100k-300k,100k+,True
Tata Indigo eCS LX CR4 BS IV,Tata,2016,10,230000,104000,Diesel,100k-300k,100k+,True
Tata Indigo Marina LS,Tata,2004,22,180000,70000,Diesel,100k-300k,50k-100k,True
Hyundai Xcent SX 1.2,Hyundai,2015,11,400000,43000,Diesel,300k-500k,25k-50k,True
Hyundai Eon Magna Plus,Hyundai,2013,13,185000,23000,Petrol,100k-300k,0-25k,True
Renault Duster 85 PS RxL Diesel,Renault,2015,11,385000,51000,Diesel,300k-500k,50k-100k,True
Maruti Suzuki Alto K10 LXi CNG,Maruti,2009,17,90000,62000,Petrol,0-100k,50k-100k,True
Tata Nano LX Special Edition,Tata,2010,16,32000,48008,Petrol,0-100k,25k-50k,True
Renault Duster 110 PS RxZ Diesel,Renault,2013,13,435000,39000,Diesel,300k-500k,25k-50k,True
Maruti Suzuki Wagon R AX BSIV,Maruti,2010,16,225000,40000,Petrol,100k-300k,25k-50k,True
Maruti Suzuki Swift,Maruti,2006,20,189700,48247,Petrol,100k-300k,25k-50k,True
Maruti Suzuki Ertiga,Maruti,2012,14,389700,39000,Diesel,300k-500k,25k-50k,True
Maruti Suzuki Swift VXi 1.2 ABS BS IV,Maruti,2014,12,365000,23000,Petrol,300k-500k,0-25k,True
Maruti Suzuki Alto K10 New,Maruti,2017,9,360000,9400,Petrol,300k-500k,0-25k,True
Hyundai i20 Magna,Hyundai,2010,16,210000,50000,Petrol,100k-300k,50k-100k,True
Hyundai i10 Magna 1.2,Hyundai,2009,17,170000,75000,Petrol,100k-300k,50k-100k,True
Tata Zest XE 75 PS Diesel,Tata,2017,9,380000,70000,Diesel,300k-500k,50k-100k,True
Mahindra Xylo E8,Mahindra,2009,17,295000,64000,Diesel,100k-300k,50k-100k,True
Toyota Corolla Altis GL Petrol,Toyota,2010,16,185000,55000,Petrol,100k-300k,50k-100k,True
Tata Manza Aqua Quadrajet,Tata,2014,12,160000,200000,Diesel,100k-300k,100k+,True
Mahindra KUV100 K8 D 6 STR,Mahindra,2018,8,,7500,Diesel,No price,0-25k,False
Renault Kwid 1.0,Renault,2018,8,290000,2137,Petrol,100k-300k,0-25k,True
Tata Venture EX 8 STR,Tata,2013,13,100000,30000,Diesel,100k-300k,25k-50k,True
Maruti Suzuki Swift Dzire Tour LXi,Maruti,2014,12,315000,44000,Petrol,300k-500k,25k-50k,True
Maruti Suzuki Alto LX BSII,Maruti,2002,24,,56000,Petrol,No price,50k-100k,False
Skoda Octavia Classic 1.9 TDI MT,Skoda,2006,20,114990,65000,Diesel,100k-300k,50k-100k,True
Maruti Suzuki Omni LPG BS IV,Maruti,2012,14,120000,160000,LPG,100k-300k,100k+,True
Chevrolet Beat Diesel,Chevrolet,2011,15,125000,56000,Diesel,100k-300k,50k-100k,True
Tata Sumo Gold EX BS IV,Tata,2012,14,210000,75000,Diesel,100k-300k,50k-100k,True
Tata indigo 2017 top model..,Tata,,,170000,,Unknown,100k-300k,Unknown,True
Hyundai Verna 1.6 CRDI SX,Hyundai,2018,8,855000,42000,Diesel,800k+,25k-50k,True
Tata Sumo Gold EX BS IV,Tata,2012,14,210000,75000,Diesel,100k-300k,50k-100k,True
Mahindra Scorpio 2.6 CRDe,Mahindra,2007,19,260000,56000,Diesel,100k-300k,50k-100k,True
Maruti Suzuki Zen LXi BS III,Maruti,2002,24,95000,10544,Petrol,0-100k,0-25k,True
Maruti Suzuki Swift Dzire VXi 1.2 BS IV,Maruti,2011,15,255000,64000,Petrol,100k-300k,50k-100k,True
Mahindra Scorpio SLX 2.6 Turbo 8 Str,Mahindra,2008,18,300000,70000,Diesel,300k-500k,50k-100k,True
Hyundai Grand i10 Sportz 1.2 Kappa VTVT,Hyundai,2014,12,340000,25000,Petrol,300k-500k,25k-50k,True
Hyundai Elite i20 Sportz 1.2,Hyundai,2017,9,550000,15000,Petrol,500k-800k,0-25k,True
Ford Ikon 1.6 Nxt,Ford,2003,23,60000,50000,Petrol,0-100k,50k-100k,True
Hyundai Elite i20 Sportz 1.2,Hyundai,2015,11,,49500,Petrol,No price,25k-50k,False
Tata indigo,Tata,,,150000,,Unknown,100k-300k,Unknown,True
Toyota Innova 2.5 V 7 STR,Toyota,2011,15,750000,147000,Diesel,500k-800k,100k+,True
Nissan Sunny XL,Nissan,2011,15,230000,52000,Petrol,100k-300k,50k-100k,True
Chevrolet Beat LT Diesel,Chevrolet,2012,14,130000,90001,Diesel,100k-300k,50k-100k,True
Maruti Suzuki Alto 800 Lxi,Maruti,2017,9,270000,21000,Petrol,100k-300k,0-25k,True
Maruti Suzuki Swift VDi BS IV,Maruti,2012,14,280000,48006,Diesel,100k-300k,25k-50k,True
Maruti Suzuki Swift VDi BS IV,Maruti,2012,14,280000,48006,Diesel,100k-300k,25k-50k,True
Maruti Suzuki Swift,Maruti,2012,14,280000,48006,Diesel,100k-300k,25k-50k,True
Toyota Innova 2.0 G4,Toyota,2012,14,600000,80000,Diesel,500k-800k,50k-100k,True
Maruti Suzuki Swift VDi ABS,Maruti,2010,16,190000,74000,Diesel,100k-300k,50k-100k,True
Hyundai Elite i20 Asta 1.2,Hyundai,2015,11,500000,22000,Petrol,500k-800k,0-25k,True
Mahindra XUV500 W10,Mahindra,2016,10,1065000,41000,Diesel,800k+,25k-50k,True
Volkswagen Polo Trendline 1.5L D,Volkswagen,2015,11,350000,25000,Diesel,300k-500k,25k-50k,True
Toyota Etios Liva Diesel,Toyota,2012,14,350000,85000,Diesel,300k-500k,50k-100k,True
Mahindra TUV300 T4 Plus,Mahindra,2016,10,540000,29500,Diesel,500k-800k,25k-50k,True
Hyundai Elite i20 Asta 1.2,Hyundai,2015,11,470000,30000,Petrol,300k-500k,25k-50k,True
Hyundai Santro Xing GLS,Hyundai,2014,12,179000,57000,Petrol,100k-300k,50k-100k,True
Maruti Suzuki Zen LXi BS III,Maruti,2003,23,48000,60000,Petrol,0-100k,50k-100k,True
Maruti Suzuki Ciaz ZXi Plus RS,Maruti,2016,10,650000,50000,Petrol,500k-800k,50k-100k,True
Hyundai Eon Era Plus,Hyundai,2013,13,190000,39700,Petrol,100k-300k,25k-50k,True
Hyundai Elantra 1.8 S,Hyundai,2012,14,500000,65000,Petrol,500k-800k,50k-100k,True
Maruti Suzuki Swift VDi,Maruti,2010,16,270000,67000,Diesel,100k-300k,50k-100k,True
Maruti Suzuki Zen Estilo LXI Green CNG,Maruti,2008,18,125000,46000,Petrol,100k-300k,25k-50k,True
Hyundai Eon Era Plus,Hyundai,2012,14,188000,38000,Petrol,100k-300k,25k-50k,True
Hyundai Grand i10 Magna 1.2 Kappa VTVT,Hyundai,2016,10,380000,27000,Petrol,300k-500k,25k-50k,True
Hyundai Verna Fluidic New,Hyundai,2011,15,365000,43000,Diesel,300k-500k,25k-50k,True
Ford EcoSport Trend 1.5L Ti VCT,Ford,2014,12,465000,47000,Petrol,300k-500k,25k-50k,True
Hyundai i20 Magna,Hyundai,2011,15,240000,42000,Petrol,100k-300k,25k-50k,True
Chevrolet Beat Diesel,Chevrolet,2016,10,179999,19336,Diesel,100k-300k,0-25k,True
Tata Indica eV2 LS,Tata,2015,11,140000,60105,Diesel,100k-300k,50k-100k,True
Jaguar XF 2.2 Diesel Luxury,Jaguar,2013,13,2190000,29000,Diesel,800k+,25k-50k,True
Audi Q5 2.0 TDI quattro Premium Plus,Audi,2014,12,2390000,34000,Diesel,800k+,25k-50k,True
BMW 3 Series 320d Sedan,BMW,2011,15,1075000,35000,Diesel,800k+,25k-50k,True
Maruti Suzuki Swift ZXi 1.2 BS IV,Maruti,2015,11,475000,22000,Petrol,300k-500k,0-25k,True
BMW X1 sDrive20d,BMW,2012,14,1025000,41000,Diesel,800k+,25k-50k,True
Maruti Suzuki S Cross Sigma 1.3,Maruti,2016,10,615000,21000,Diesel,500k-800k,0-25k,True
Maruti Suzuki Ertiga LDi,Maruti,2013,13,475000,48000,Diesel,300k-500k,25k-50k,True
Maruti Suzuki Alto K10 VXi AMT,Maruti,2016,10,270000,38000,Petrol,100k-300k,25k-50k,True
Honda City SV,Honda,2014,12,475000,34000,Diesel,300k-500k,25k-50k,True
Volkswagen Vento Comfortline Petrol,Volkswagen,2011,15,240000,45933,Petrol,100k-300k,25k-50k,True
Honda City 1.5 EXi New,Honda,2005,21,120000,68000,Petrol,100k-300k,50k-100k,True
Audi A4 2.0 TDI 177bhp Premium,Audi,2016,10,1900000,44000,Diesel,800k+,25k-50k,True
Mahindra KUV100,Mahindra,2017,9,360000,35000,Diesel,300k-500k,25k-50k,True
Tata Zest XE 75 PS Diesel,Tata,2018,8,450000,102563,Diesel,300k-500k,100k+,True
Mahindra XUV500 W8,Mahindra,2015,11,900000,28600,Diesel,800k+,25k-50k,True
Maruti Suzuki Swift Dzire Tour VDi,Maruti,2017,9,650000,41800,Diesel,500k-800k,25k-50k,True
Tata Sumo Gold LX BS IV,Tata,2014,12,275000,116000,Diesel,100k-300k,100k+,True
Maruti Suzuki Swift Dzire VXi 1.2 BS IV,Maruti,2009,17,210000,59000,Petrol,100k-300k,50k-100k,True
Mahindra Scorpio 2.6 SLX,Mahindra,2004,22,175000,58000,Diesel,100k-300k,50k-100k,True
Maruti Suzuki Omni 8 STR BS III,Maruti,2009,17,85000,45000,Petrol,0-100k,25k-50k,True
Mitsubishi Pajero Sport Limited Edition,Mitsubishi,2015,11,1490000,42590,Diesel,800k+,25k-50k,True
Renault Duster,Renault,2014,12,800000,7400,Diesel,800k+,0-25k,True
Volkswagen Jetta Comfortline 1.9 TDI AT,Volkswagen,2009,17,450000,54500,Diesel,300k-500k,50k-100k,True
Maruti Suzuki Ertiga Vxi,Maruti,2012,14,1000000,200000,Diesel,800k+,100k+,True
Audi A4 2.0 TDI 177bhp Premium,Audi,2013,13,1510000,27000,Diesel,800k+,25k-50k,True
Volvo S80 Summum D4,Volvo,2015,11,1850000,42000,Diesel,800k+,25k-50k,True
Toyota Corolla Altis VL AT Petrol,Toyota,2014,12,790000,29000,Petrol,500k-800k,25k-50k,True
Mitsubishi Pajero Sport 2.5 AT,Mitsubishi,2015,11,1725000,37000,Diesel,800k+,25k-50k,True
Chevrolet Beat LT Petrol,Chevrolet,2012,14,135000,36000,Petrol,100k-300k,25k-50k,True
BMW X1,BMW,2011,15,1000000,34000,Diesel,800k+,25k-50k,True
Datsun Redi GO S,Datsun,2018,8,299999,7000,Petrol,100k-300k,0-25k,True
Mercedes Benz C Class C 220 CDI Avantgarde,Mercedes,2009,17,1225000,76000,Diesel,800k+,50k-100k,True
Mahindra Scorpio SLX,Mahindra,2004,22,175000,60000,Diesel,100k-300k,50k-100k,True
Volkswagen Vento Comfortline Diesel,Volkswagen,2011,15,200000,95000,Diesel,100k-300k,50k-100k,True
Tata Indigo CS GLS,Tata,2017,9,270000,50000,Diesel,100k-300k,50k-100k,True
Ford Figo Petrol Titanium,Ford,2019,7,525000,0,Petrol,500k-800k,0-25k,True
Honda City ZX GXi,Honda,2006,20,180000,50000,Petrol,100k-300k,50k-100k,True
Maruti Suzuki Wagon R Duo Lxi,Maruti,2008,18,140000,68000,Petrol,100k-300k,50k-100k,True
Ford EcoSport Trend 1.5L TDCi,Ford,2014,12,400000,16000,Petrol,300k-500k,0-25k,True
Maruti Suzuki Swift Dzire VDi,Maruti,2016,10,499000,51000,Diesel,300k-500k,50k-100k,True
Maruti Suzuki Omni 8 STR BS III,Maruti,2009,17,85000,56000,Petrol,0-100k,50k-100k,True
Maruti Suzuki Zen LX BSII,Maruti,2004,22,70000,100000,Petrol,0-100k,100k+,True
Renault Duster RxL Petrol,Renault,2015,11,550000,36000,Petrol,500k-800k,25k-50k,True
Maruti Suzuki Swift VXi 1.2 BS IV,Maruti,2014,12,370000,11523,Petrol,300k-500k,0-25k,True
Maruti Suzuki Baleno Zeta 1.2,Maruti,2018,8,690000,1000,Petrol,500k-800k,0-25k,True
Honda WR V S MT Petrol,Honda,2009,17,250000,60000,Petrol,100k-300k,50k-100k,True
Tata Indigo CS eLX BS IV,Tata,2016,10,110000,85000,Diesel,100k-300k,50k-100k,True
Renault Duster 110 PS RxL Diesel,Renault,2013,13,490000,38600,Diesel,300k-500k,25k-50k,True
Mahindra Scorpio LX BS III,Mahindra,2009,17,320000,95500,Diesel,300k-500k,50k-100k,True
Maruti Suzuki Zen LXi BS III,Maruti,2004,22,68000,56000,Petrol,0-100k,50k-100k,True
Maruti Suzuki Wagon R LXi BS III,Maruti,2014,12,130000,37458,Petrol,100k-300k,25k-50k,True
Maruti Suzuki SX4 Celebration Diesel,Maruti,2016,10,970000,85960,Diesel,800k+,50k-100k,True
Audi A3 Cabriolet 40 TFSI,Audi,2015,11,3100000,12516,Petrol,800k+,0-25k,True
Hyundai Eon D Lite Plus,Hyundai,2018,8,280000,35000,Petrol,100k-300k,25k-50k,True
Maruti Suzuki Zen Estilo LXI Green CNG,Maruti,2009,17,125000,0,Petrol,100k-300k,0-25k,True
Mahindra Scorpio SLX,Mahindra,2008,18,285000,80000,Diesel,100k-300k,50k-100k,True
Hyundai Santro AE GLS Audio,Hyundai,2011,15,165000,45000,Petrol,100k-300k,25k-50k,True
Maruti Suzuki Swift Dzire Tour VDi,Maruti,2009,17,250000,51000,Diesel,100k-300k,50k-100k,True
Mahindra Scorpio S4,Mahindra,2015,11,865000,30000,Diesel,800k+,25k-50k,True
Tata ZEST 6 month old,Tata,,,370000,,Unknown,300k-500k,Unknown,True
Mahindra Xylo D2 BS IV,Mahindra,2011,15,390000,48000,Diesel,300k-500k,25k-50k,True
Hyundai Santro,Hyundai,2003,23,60000,51000,Petrol,0-100k,50k-100k,True
Chevrolet Beat LT Diesel,Chevrolet,2015,11,215000,90000,Diesel,100k-300k,50k-100k,True
Maruti Suzuki Swift Dzire VDi,Maruti,2015,11,475000,43000,Diesel,300k-500k,25k-50k,True
Mahindra XUV500 W8,Mahindra,2015,11,899000,53000,Diesel,800k+,50k-100k,True
Toyota Fortuner 3.0 4x4 MT,Toyota,2013,13,1499000,97000,Diesel,800k+,50k-100k,True
Maruti Suzuki Alto K10 VXi,Maruti,2013,13,240000,20000,Petrol,100k-300k,0-25k,True
Hyundai Getz GLE,Hyundai,2007,19,99000,55000,Petrol,0-100k,50k-100k,True
Maruti Suzuki Swift Dzire Tour LDi,Maruti,2014,12,260000,120000,Diesel,100k-300k,100k+,True
Hyundai Creta 1.6 SX,Hyundai,2019,7,1200000,0,Petrol,800k+,0-25k,True
Hyundai Santro Xing XL AT eRLX Euro III,Hyundai,2007,19,115000,46000,Petrol,100k-300k,25k-50k,True
Hyundai Santro Xing XL eRLX Euro III,Hyundai,2009,17,88000,43200,Petrol,0-100k,25k-50k,True
Mahindra Xylo D2 BS IV,Mahindra,2011,15,390000,56000,Diesel,300k-500k,50k-100k,True
Hyundai Santro Xing XL eRLX Euro III,Hyundai,2007,19,135000,42000,Petrol,100k-300k,25k-50k,True
Tata Indica V2 DLS BS III,Tata,2009,17,90000,30600,Diesel,0-100k,25k-50k,True
Hyundai i10 Sportz 1.2,Hyundai,2011,15,220000,38000,Petrol,100k-300k,25k-50k,True
Hyundai Grand i10 Magna 1.2 Kappa VTVT,Hyundai,2017,9,424999,2550,Petrol,300k-500k,0-25k,True
Hyundai Santro Xing XL AT eRLX Euro III,Hyundai,2007,19,135000,47000,Petrol,100k-300k,25k-50k,True
Honda City 1.5 E MT,Honda,2005,21,95000,41000,Petrol,0-100k,25k-50k,True
Nissan Micra XL,Nissan,2017,9,430000,62500,Diesel,300k-500k,50k-100k,True
Honda City 1.5 S Inspire,Honda,2005,21,115000,68000,Petrol,100k-300k,50k-100k,True
Maruti Suzuki Alto 800 Lxi,Maruti,2015,11,215000,50000,Petrol,100k-300k,50k-100k,True
Maruti Suzuki Wagon R LX BS III,Maruti,2004,22,53000,69000,Petrol,0-100k,50k-100k,True
Maruti Suzuki Ertiga VDi,Maruti,2012,14,500000,48000,Diesel,500k-800k,25k-50k,True
Tata Indica eV2 eXeta eGLX,Tata,2012,14,85000,55000,Diesel,0-100k,50k-100k,True
Maruti Suzuki Omni E 8 STR BS IV,Maruti,2013,13,165000,25000,Petrol,100k-300k,25k-50k,True
Hyundai Eon Era Plus,Hyundai,2014,12,200000,28400,Petrol,100k-300k,25k-50k,True
Hyundai Eon,Hyundai,2014,12,200000,28000,Petrol,100k-300k,25k-50k,True
Maruti Suzuki Swift LDi,Maruti,2015,11,425000,42000,Diesel,300k-500k,25k-50k,True
Hyundai Verna 1.6 CRDI SX Plus AT,Hyundai,2012,14,600000,29000,Diesel,500k-800k,25k-50k,True
Chevrolet Tavera LS B3 10 Seats BSII,Chevrolet,2005,21,130000,68485,Diesel,100k-300k,50k-100k,True
Tata Tiago Revotron XM,Tata,2018,8,430000,3500,Petrol,300k-500k,0-25k,True
Tata Tiago Revotorq XZ,Tata,2019,7,568500,0,Petrol,500k-800k,0-25k,True
Tata Nexon,Tata,2019,7,,0,Petrol,No price,0-25k,False
Tata,Tata,,,,,Unknown,No price,Unknown,False
Maruti Suzuki Zen LXi BS III,Maruti,2006,20,71000,32000,Petrol,0-100k,25k-50k,True
Mahindra KUV100 K8 D 6 STR,Mahindra,2018,8,560000,8000,Diesel,500k-800k,0-25k,True
Ford EcoSport Titanium 1.5 TDCi,Ford,2014,12,590000,34000,Diesel,500k-800k,25k-50k,True
Hindustan Motors Ambassador Classic Mark 4 – Befo,Hindustan,1995,31,750000,37000,Petrol,500k-800k,25k-50k,True
Ford Fusion 1.4 TDCi Diesel,Ford,2007,19,125000,85455,Diesel,100k-300k,50k-100k,True
Hyundai Santro Xing XL AT eRLX Euro III,Hyundai,2007,19,135000,46000,Petrol,100k-300k,25k-50k,True
Hyundai Santro,Hyundai,2002,24,60000,47000,Petrol,0-100k,25k-50k,True
Fiat Linea Emotion 1.4 L T Jet Petrol,Fiat,2009,17,120000,64000,Petrol,100k-300k,50k-100k,True
Ford Ikon 1.3 Flair Josh 100,Ford,2008,18,95000,46000,Petrol,0-100k,25k-50k,True
Maruti Suzuki Omni E 8 STR BS IV,Maruti,2017,9,240000,8000,Petrol,100k-300k,0-25k,True
Tata Indica V2 LS,Tata,2012,14,115000,64000,Diesel,100k-300k,50k-100k,True
Mahindra Scorpio S4,Mahindra,2015,11,795000,63000,Diesel,500k-800k,50k-100k,True
Hyundai Santro Xing XL eRLX Euro III,Hyundai,2007,19,55000,65000,Petrol,0-100k,50k-100k,True
Mahindra Xylo D2,Mahindra,2009,17,300000,62000,Diesel,300k-500k,50k-100k,True
Hyundai Grand i10 Asta 1.2 Kappa VTVT,Hyundai,2014,12,320000,41000,Petrol,300k-500k,25k-50k,True
Maruti Suzuki Alto 800 Lxi,Maruti,2015,11,265000,14000,Petrol,100k-300k,0-25k,True
Toyota Corolla,Toyota,2006,20,160000,40000,Petrol,100k-300k,25k-50k,True
Hyundai Eon Magna,Hyundai,2017,9,300000,1600,Petrol,300k-500k,0-25k,True
Tata Sumo Grande MKII GX,Tata,2010,16,130000,90000,Diesel,100k-300k,50k-100k,True
Maruti Suzuki Swift VDi,Maruti,2011,15,250000,58000,Diesel,100k-300k,50k-100k,True
Volkswagen Polo Highline1.2L P,Volkswagen,2013,13,380000,27000,Petrol,300k-500k,25k-50k,True
Maruti Suzuki Alto 800 Lx,Maruti,2003,23,42000,60000,Petrol,0-100k,50k-100k,True
Tata Tiago Revotron XZ,Tata,2017,9,400000,31000,Petrol,300k-500k,25k-50k,True
Maruti Suzuki Swift LDi,Maruti,2009,17,120000,90000,Diesel,100k-300k,50k-100k,True
Maruti Suzuki Swift VDi,Maruti,2009,17,120000,90000,Diesel,100k-300k,50k-100k,True
Tata Indigo eCS,Tata,2016,10,130000,150000,Diesel,100k-300k,100k+,True
Chevrolet Beat LS Diesel,Chevrolet,2014,12,189000,31000,Diesel,100k-300k,25k-50k,True
Mahindra Xylo E8 BS IV,Mahindra,2011,15,365000,43000,Diesel,300k-500k,25k-50k,True
Hyundai Eon D Lite Plus,Hyundai,2013,13,170000,20000,Petrol,100k-300k,0-25k,True
Maruti Ertiga showroom condition with,Maruti,,,480000,,Unknown,300k-500k,Unknown,True
Maruti Suzuki swift dzire for sale in,Maruti,,,360000,,Unknown,300k-500k,Unknown,True
Tata Sumo Gold FX BSIII,Tata,2013,13,215000,100000,Petrol,100k-300k,100k+,True
Maruti Suzuki Swift Dzire good car fo,Maruti,,,310000,,Unknown,300k-500k,Unknown,True
Hyunda,Hyundai,,,,,Unknown,No price,Unknown,False
Maruti Suzuki Alto vxi t,Maruti,,,95000,,Unknown,0-100k,Unknown,True
Tata Nano,Tata,2013,13,60000,7000,Petrol,0-100k,0-25k,True
Hyundai Elite i20,Hyundai,2017,9,599999,31000,Petrol,500k-800k,25k-50k,True
Hyundai i10 Magna 1.2 Kappa2,Hyundai,2009,17,400000,33000,Petrol,300k-500k,25k-50k,True
Hyundai Creta,Hyundai,2016,10,900000,60000,Diesel,800k+,50k-100k,True
Volkswagen Polo,Volkswagen,2013,13,299999,48000,Diesel,100k-300k,25k-50k,True
Maruti Suzuki Dzire,Maruti,2014,12,374999,33000,Petrol,300k-500k,25k-50k,True
Tata Bolt XM Petrol,Tata,2015,11,600000,15000,Petrol,500k-800k,0-25k,True
Maruti Suzuki Alto 800 Lx,Maruti,2005,21,70000,47000,Petrol,0-100k,25k-50k,True
Maruti Suzuki Alto,Maruti,2005,21,100000,40000,Petrol,100k-300k,25k-50k,True
Hyundai Venue,Hyundai,2019,7,,7000,Diesel,No price,0-25k,False
Maruti Suzuki Ritz,Maruti,2010,16,150000,38000,Diesel,100k-300k,25k-50k,True
Maruti Suzuki Alto 800 Lxi,Maruti,2017,9,225000,12500,Petrol,100k-300k,0-25k,True
Maruti Suzuki Dzire,Maruti,2009,17,210000,42000,Petrol,100k-300k,25k-50k,True
Renault Lodgy,Renault,2016,10,,20000,Diesel,No price,0-25k,False
Hyundai i20 Asta,Hyundai,2014,12,425000,31000,Petrol,300k-500k,25k-50k,True
Maruti Suzuki Swift Select Variant,Maruti,2008,18,162000,60000,Diesel,100k-300k,50k-100k,True
Tata Indica V2 DLX BS III,Tata,2005,21,60000,80000,Diesel,0-100k,50k-100k,True
Mahindra Scorpio VLX 2.2 mHawk Airbag BSIV,Mahindra,2014,12,650000,77000,Diesel,500k-800k,50k-100k,True
Toyota Innova 2.5 E 8 STR,Toyota,2012,14,750000,75000,Diesel,500k-800k,50k-100k,True
Mahindra Xylo E8,Mahindra,2010,16,375000,40000,Diesel,300k-500k,25k-50k,True
Hyundai i20 Magna 1.2,Hyundai,2011,15,230000,47000,Petrol,100k-300k,25k-50k,True
Maruti Suzuki Omni,Maruti,2000,26,35999,60000,Petrol,0-100k,50k-100k,True
Mahindra KUV100,Mahindra,2016,10,380000,26500,Petrol,300k-500k,25k-50k,True
Mahindra KUV100 K8 6 STR,Mahindra,2019,7,560000,2875,Petrol,500k-800k,0-25k,True
Datsun Go Plus,Datsun,2016,10,285000,13900,Petrol,100k-300k,0-25k,True
Ford Endeavor 4x4 Thunder Plus,Ford,2019,7,2900000,9000,Diesel,800k+,0-25k,True
Tata Indica V2,Tata,2005,21,39999,80000,Diesel,0-100k,50k-100k,True
Hyundai Santro Xing GL,Hyundai,2006,20,85000,60000,Petrol,0-100k,50k-100k,True
Maruti Suzuki Wagon R 1.0 VXi,Maruti,2016,10,395000,20000,Petrol,300k-500k,0-25k,True
Maruti Suzuki Swift Select Variant,Maruti,2008,18,175000,58000,Diesel,100k-300k,50k-100k,True
Maruti Suzuki Alto 800 Lx,Maruti,2019,7,400000,1500,Petrol,300k-500k,0-25k,True
Toyota Innova 2.5 Z Diesel 7 Seater,Toyota,2011,15,750000,75000,Diesel,500k-800k,50k-100k,True
Maruti Suzuki Alto 800,Maruti,2016,10,250000,2450,Petrol,100k-300k,0-25k,True
Maruti Suzuki Alto AX,Maruti,2019,7,425000,1625,Petrol,300k-500k,0-25k,True
Maruti Suzuki Alto 800 Lx,Maruti,2019,7,,1500,Petrol,No price,0-25k,False
Volkswagen Polo Highline1.2L P,Volkswagen,2017,9,525000,45000,Petrol,500k-800k,25k-50k,True
Mahindra Logan,Mahindra,2009,17,130000,65000,Diesel,100k-300k,50k-100k,True
Maruti Suzuki 800 Std BS III,Maruti,2000,26,30000,33400,Petrol,0-100k,25k-50k,True
Mahindra Scorpio,Mahindra,2011,15,475000,60123,Diesel,300k-500k,50k-100k,True
Chevrolet Sail 1.2 LS,Chevrolet,2013,13,300000,28000,Petrol,300k-500k,25k-50k,True
Volkswagen Vento Highline Plus 1.5 Diesel,Volkswagen,2015,11,,38900,Diesel,No price,25k-50k,False
Hyundai Santro AE GLS Audio,Hyundai,2003,23,60000,70000,Petrol,0-100k,50k-100k,True
Maruti Suzuki Wagon R VXi Minor,Maruti,2006,20,100000,7000,Petrol,100k-300k,0-25k,True
Hyundai Eon,Hyundai,2018,8,260000,25000,Petrol,100k-300k,25k-50k,True
Tata Manza,Tata,2015,11,100000,100000,Diesel,100k-300k,100k+,True
Toyota Innova 2.0 G1 Petrol 8seater,Toyota,2019,7,,4000,Petrol,No price,0-25k,False
Toyota Etios G,Toyota,2013,13,265000,42000,Petrol,100k-300k,25k-50k,True
Hyundai Getz Prime 1.3 GLX,Hyundai,2009,17,115000,20000,Petrol,100k-300k,0-25k,True
Toyota Qualis,Toyota,2003,23,180000,100000,Diesel,100k-300k,100k+,True
Hyundai Santro Xing,Hyundai,2004,22,45000,137495,Petrol,0-100k,100k+,True
Tata Indica eV2 LS,Tata,2016,10,50500,91200,Diesel,0-100k,50k-100k,True
Honda City 1.5 S MT,Honda,2009,17,270000,55000,Petrol,100k-300k,50k-100k,True
Tata Zest XE 75 PS Diesel,Tata,2017,9,290000,120000,Diesel,100k-300k,100k+,True
Mahindra Quanto C4,Mahindra,2013,13,325000,63000,Diesel,300k-500k,50k-100k,True
Tata Indigo eCS LX CR4 BS IV,Tata,2016,10,160000,104000,Diesel,100k-300k,100k+,True
Maruti Suzuki Swift Dzire,Maruti,2016,10,350000,146000,Diesel,300k-500k,100k+,True
Hyundai Elite i20,Hyundai,2011,15,290000,40000,Petrol,100k-300k,25k-50k,True
Hyundai i20 Select Variant,Hyundai,2011,15,290000,40000,Petrol,100k-300k,25k-50k,True
Chevrolet Tavera Neo,Chevrolet,2007,19,465000,100800,Diesel,300k-500k,100k+,True
Maruti Suzuki Dzire,Maruti,2016,10,325000,150000,Diesel,300k-500k,100k+,True
Hyundai Elite i20,Hyundai,2018,8,510000,2100,Petrol,500k-800k,0-25k,True
Honda City VX Petrol,Honda,2016,10,860000,95000,Petrol,800k+,50k-100k,True
Maruti Suzuki Dzire,Maruti,2016,10,450000,2500,Diesel,300k-500k,0-25k,True
Hyundai Getz,Hyundai,2006,20,125000,80000,Petrol,100k-300k,50k-100k,True
Mercedes Benz C Class 200 K MT,Mercedes,2006,20,500001,15000,Petrol,500k-800k,0-25k,True
Maruti Suzuki Alto LXi BS III,Maruti,2005,21,95000,65000,Petrol,0-100k,50k-100k,True
Maruti Suzuki Swift Dzire Tour VDi,Maruti,2009,17,250000,51000,Diesel,100k-300k,50k-100k,True
Skoda Fabia,Skoda,2009,17,110000,45000,Petrol,100k-300k,25k-50k,True
Maruti Suzuki Alto 800 Select Variant,Maruti,2015,11,,70000,Petrol,No price,50k-100k,False
Maruti Suzuki Ritz VXI ABS,Maruti,2011,15,270000,50000,Petrol,100k-300k,50k-100k,True
Tata Indica V2 DLE BS III,Tata,2009,17,110000,30000,Diesel,100k-300k,25k-50k,True
Toyota Corolla Altis,Toyota,2009,17,300000,132000,Petrol,300k-500k,100k+,True
Tata Zest XM Diesel,Tata,2018,8,260000,27000,Diesel,100k-300k,25k-50k,True
Mahindra Quanto C8,Mahindra,2013,13,390000,40000,Diesel,300k-500k,25k-50k,True
Honda Amaze 1.2 E i VTEC,Honda,2014,12,180000,,Unknown,100k-300k,Unknown,True
Chevrolet Sail 1.2 LT ABS,Chevrolet,2014,12,160000,,Unknown,100k-300k,Unknown,True
